{"type": "FeatureCollection", "features": [{"type": "Feature", "geometry": {"type": "Point", "coordinates": [115.598637, -2.141668]}, "properties": {"ID Culvert": "SBG.02", "Jumlah Line": 1, "Mitra Kerja Responsible": "SIS", "Tanggal Inspeksi": "2026-09-03 09:23:00", "RiskLevel": "Medium", "FotoInlet": "<a href=\"https://drive.google.com/file/d/1HZ6IYpOfzWSoFGRcl1V0p50DxfV0sg5u/view?usp=drivesdk\" target=\"_blank\" rel=\"noopener noreferrer\">Img link</a>", "FotoOutlet": "<a href=\"https://drive.google.com/file/d/1Jg-8ZGA-UNlgYlktv1D2wzlAFO-n_n5B/view?usp=drivesdk\" target=\"_blank\" rel=\"noopener noreferrer\">Img link</a>", "FotoOther": "<a href=\"https://drive.google.com/file/d/1nbYgocwcUmYntZlBeQaqHASQzRdWx01E/view?usp=drivesdk\" target=\"_blank\" rel=\"noopener noreferrer\">Img link</a>", "LastCheck": -10, "Prioritas": "PRIORITAS 1", "LastCheckGroup": "30 hari"}}, {"type": "Feature", "geometry": {"type": "Point", "coordinates": [115.596476, -2.135868]}, "properties": {"ID Culvert": "SBG.03", "Jumlah Line": 1, "Mitra Kerja Responsible": "SIS", "Tanggal Inspeksi": "2026-09-06 16:00:00", "RiskLevel": "Low", "FotoInlet": "<a href=\"https://drive.google.com/file/d/1I4PoCpQLIFCoiJ9XGz1MeJ7mlrE3UvsV/view?usp=drivesdk\" target=\"_blank\" rel=\"noopener noreferrer\">Img link</a>", "FotoOutlet": "<a href=\"https://drive.google.com/file/d/1KSkwVWFxUI6t5G44Z1R7tkgrESTfSEyK/view?usp=drivesdk\" target=\"_blank\" rel=\"noopener noreferrer\">Img link</a>", "FotoOther": "-", "LastCheck": -7, "Prioritas": "PRIORITAS 1", "LastCheckGroup": "7 hari"}}, {"type": "Feature", "geometry": {"type": "Point", "coordinates": [115.57988, -2.135817]}, "properties": {"ID Culvert": "SBG.04", "Jumlah Line": 2, "Mitra Kerja Responsible": "SIS", "Tanggal Inspeksi": "2026-09-11 11:46:00", "RiskLevel": "Low", "FotoInlet": "<a href=\"https://drive.google.com/file/d/1TmHobYOiDe6rTJhdJXDgTAU8qDajiZf7/view?usp=drivesdk\" target=\"_blank\" rel=\"noopener noreferrer\">Img link</a>", "FotoOutlet": "<a href=\"https://drive.google.com/file/d/1PiK4CE9VtDyspcRuhKgclU0L6LQ9heXt/view?usp=drivesdk\" target=\"_blank\" rel=\"noopener noreferrer\">Img link</a>", "FotoOther": "-", "LastCheck": -2, "Prioritas": "PRIORITAS 1", "LastCheckGroup": "7 hari"}}, {"type": "Feature", "geometry": {"type": "Point", "coordinates": [115.568933, -2.142328]}, "properties": {"ID Culvert": "SBG.05", "Jumlah Line": 1, "Mitra Kerja Responsible": "SIS", "Tanggal Inspeksi": "2026-07-10 11:10:00", "RiskLevel": "Medium", "FotoInlet": "<a href=\"https://drive.google.com/file/d/1zO17DeJlc3WtaKR-vHbP5VL0V49g_cMG/view?usp=drivesdk\" target=\"_blank\" rel=\"noopener noreferrer\">Img link</a>", "FotoOutlet": "<a href=\"https://drive.google.com/file/d/1g3zd9JbOdJaLr6pm7DIIjMzYOheomvdC/view?usp=drivesdk\" target=\"_blank\" rel=\"noopener noreferrer\">Img link</a>", "FotoOther": "<a href=\"https://drive.google.com/file/d/1zxb9UTtLRr7Xfp6lvuJMRzfRBrs6NrcR/view?usp=drivesdk\" target=\"_blank\" rel=\"noopener noreferrer\">Img link</a>", "LastCheck": -65, "Prioritas": "PRIORITAS 2", "LastCheckGroup": "Lebih dari 30 Hari"}}, {"type": "Feature", "geometry": {"type": "Point", "coordinates": [115.592449, -2.154885]}, "properties": {"ID Culvert": "SBG.08", "Jumlah Line": 4, "Mitra Kerja Responsible": "SIS", "Tanggal Inspeksi": "2026-09-10 08:56:00", "RiskLevel": "Medium", "FotoInlet": "<a href=\"https://drive.google.com/file/d/1KzHuUUb3cnT-If0S7jVntkxCALyDnF2z/view?usp=drivesdk\" target=\"_blank\" rel=\"noopener noreferrer\">Img link</a>", "FotoOutlet": "<a href=\"https://drive.google.com/file/d/1ZB9B6gwxiVlz5AVQe-zk3jnBsHshP35t/view?usp=drivesdk\" target=\"_blank\" rel=\"noopener noreferrer\">Img link</a>", "FotoOther": "-", "LastCheck": -3, "Prioritas": "PRIORITAS 1", "LastCheckGroup": "7 hari"}}, {"type": "Feature", "geometry": {"type": "Point", "coordinates": [115.586347, -2.160133]}, "properties": {"ID Culvert": "SBG.13", "Jumlah Line": 1, "Mitra Kerja Responsible": "SIS", "Tanggal Inspeksi": "-", "RiskLevel": "No data", "FotoInlet": "-", "FotoOutlet": "-", "FotoOther": "-", "LastCheck": "No data", "Prioritas": "PRIORITAS 2", "LastCheckGroup": "No data"}}, {"type": "Feature", "geometry": {"type": "Point", "coordinates": [115.596271, -2.143203]}, "properties": {"ID Culvert": "RIU.02", "Jumlah Line": 1, "Mitra Kerja Responsible": "SIS", "Tanggal Inspeksi": "2026-09-02 10:21:00", "RiskLevel": "Low", "FotoInlet": "<a href=\"https://drive.google.com/file/d/1TLMAn9FazITCehlCAztCMtADvd2_FbrE/view?usp=drivesdk\" target=\"_blank\" rel=\"noopener noreferrer\">Img link</a>", "FotoOutlet": "<a href=\"https://drive.google.com/file/d/1ceyXhjq-w_5f-Jl8qWYNZsogGnfKb9oM/view?usp=drivesdk\" target=\"_blank\" rel=\"noopener noreferrer\">Img link</a>", "FotoOther": "-", "LastCheck": -11, "Prioritas": "PRIORITAS 1", "LastCheckGroup": "30 hari"}}, {"type": "Feature", "geometry": {"type": "Point", "coordinates": [115.593911, -2.148347]}, "properties": {"ID Culvert": "RIU.06", "Jumlah Line": 1, "Mitra Kerja Responsible": "SIS", "Tanggal Inspeksi": "-", "RiskLevel": "No data", "FotoInlet": "-", "FotoOutlet": "-", "FotoOther": "-", "LastCheck": "No data", "Prioritas": "PRIORITAS 1", "LastCheckGroup": "No data"}}, {"type": "Feature", "geometry": {"type": "Point", "coordinates": [115.594989, -2.136722]}, "properties": {"ID Culvert": "SBL.01", "Jumlah Line": 2, "Mitra Kerja Responsible": "SIS", "Tanggal Inspeksi": "2026-09-03 12:47:00", "RiskLevel": "Medium", "FotoInlet": "<a href=\"https://drive.google.com/file/d/1zDWK6XP8488_4llS8T4YIh1U6L8xBhSN/view?usp=drivesdk\" target=\"_blank\" rel=\"noopener noreferrer\">Img link</a>", "FotoOutlet": "<a href=\"https://drive.google.com/file/d/1-nxs-vDd61Xr2Od3pfjqv3nIlADtvaWa/view?usp=drivesdk\" target=\"_blank\" rel=\"noopener noreferrer\">Img link</a>", "FotoOther": "-", "LastCheck": -10, "Prioritas": "PRIORITAS 1", "LastCheckGroup": "30 hari"}}, {"type": "Feature", "geometry": {"type": "Point", "coordinates": [115.592908, -2.136147]}, "properties": {"ID Culvert": "MTR.01", "Jumlah Line": 1, "Mitra Kerja Responsible": "SIS", "Tanggal Inspeksi": "2026-09-07 09:01:00", "RiskLevel": "Low", "FotoInlet": "<a href=\"https://drive.google.com/file/d/13zuc-C8zt1z_gZSKUukQs63neDo0rxQ3/view?usp=drivesdk\" target=\"_blank\" rel=\"noopener noreferrer\">Img link</a>", "FotoOutlet": "<a href=\"https://drive.google.com/file/d/1czzgBpGI16YYHxCxeJXIKRRv7H8W1wUD/view?usp=drivesdk\" target=\"_blank\" rel=\"noopener noreferrer\">Img link</a>", "FotoOther": "-", "LastCheck": -6, "Prioritas": "PRIORITAS 1", "LastCheckGroup": "7 hari"}}, {"type": "Feature", "geometry": {"type": "Point", "coordinates": [115.593994, -2.144903]}, "properties": {"ID Culvert": "MTR.02", "Jumlah Line": 1, "Mitra Kerja Responsible": "SIS", "Tanggal Inspeksi": "-", "RiskLevel": "No data", "FotoInlet": "-", "FotoOutlet": "-", "FotoOther": "-", "LastCheck": "No data", "Prioritas": "PRIORITAS 1", "LastCheckGroup": "No data"}}, {"type": "Feature", "geometry": {"type": "Point", "coordinates": [115.569703, -2.141578]}, "properties": {"ID Culvert": "ACH.01", "Jumlah Line": 2, "Mitra Kerja Responsible": "SIS", "Tanggal Inspeksi": "-", "RiskLevel": "No data", "FotoInlet": "-", "FotoOutlet": "-", "FotoOther": "-", "LastCheck": "No data", "Prioritas": "PRIORITAS 1", "LastCheckGroup": "No data"}}, {"type": "Feature", "geometry": {"type": "Point", "coordinates": [115.581075, -2.13905]}, "properties": {"ID Culvert": "ACH.03", "Jumlah Line": 1, "Mitra Kerja Responsible": "SIS", "Tanggal Inspeksi": "-", "RiskLevel": "No data", "FotoInlet": "-", "FotoOutlet": "-", "FotoOther": "-", "LastCheck": "No data", "Prioritas": "PRIORITAS 2", "LastCheckGroup": "No data"}}, {"type": "Feature", "geometry": {"type": "Point", "coordinates": [115.58798, -2.135942]}, "properties": {"ID Culvert": "MRK.01", "Jumlah Line": 1, "Mitra Kerja Responsible": "SIS", "Tanggal Inspeksi": "2026-09-02 14:57:00", "RiskLevel": "Low", "FotoInlet": "<a href=\"https://drive.google.com/file/d/119m8urWZYwWUe5ly7hMxIc0Xk-19Khx5/view?usp=drivesdk\" target=\"_blank\" rel=\"noopener noreferrer\">Img link</a>", "FotoOutlet": "<a href=\"https://drive.google.com/file/d/1m2bWZfFr3Fti8mg53dAz4iWzbjS-LY6u/view?usp=drivesdk\" target=\"_blank\" rel=\"noopener noreferrer\">Img link</a>", "FotoOther": "-", "LastCheck": -11, "Prioritas": "PRIORITAS 1", "LastCheckGroup": "30 hari"}}, {"type": "Feature", "geometry": {"type": "Point", "coordinates": [115.587603, -2.144832]}, "properties": {"ID Culvert": "KRC.02", "Jumlah Line": 2, "Mitra Kerja Responsible": "SIS", "Tanggal Inspeksi": "2026-09-09 09:03:00", "RiskLevel": "Low", "FotoInlet": "<a href=\"https://drive.google.com/file/d/1XSuQtstbQKvAeEy2r9CehGgw64g2Eqdg/view?usp=drivesdk\" target=\"_blank\" rel=\"noopener noreferrer\">Img link</a>", "FotoOutlet": "<a href=\"https://drive.google.com/file/d/1OLYT4lhVlok2tCiH3Mqa7W_12c04qKwm/view?usp=drivesdk\" target=\"_blank\" rel=\"noopener noreferrer\">Img link</a>", "FotoOther": "-", "LastCheck": -4, "Prioritas": "PRIORITAS 1", "LastCheckGroup": "7 hari"}}, {"type": "Feature", "geometry": {"type": "Point", "coordinates": [115.584075, -2.149062]}, "properties": {"ID Culvert": "KRC.03", "Jumlah Line": 8, "Mitra Kerja Responsible": "SIS", "Tanggal Inspeksi": "2026-09-11 16:07:00", "RiskLevel": "Low", "FotoInlet": "<a href=\"https://drive.google.com/file/d/11uzfJoCgXwVqTZ5a4KM6eFYJzAgcesFN/view?usp=drivesdk\" target=\"_blank\" rel=\"noopener noreferrer\">Img link</a>", "FotoOutlet": "<a href=\"https://drive.google.com/file/d/15StLfMCwoY6IofPdjIVKuEkqW3VYI7sW/view?usp=drivesdk\" target=\"_blank\" rel=\"noopener noreferrer\">Img link</a>", "FotoOther": "-", "LastCheck": -2, "Prioritas": "PRIORITAS 1", "LastCheckGroup": "7 hari"}}, {"type": "Feature", "geometry": {"type": "Point", "coordinates": [115.589961, -2.142049]}, "properties": {"ID Culvert": "KRC.07", "Jumlah Line": 1, "Mitra Kerja Responsible": "SIS", "Tanggal Inspeksi": "2026-09-10 12:43:00", "RiskLevel": "Medium", "FotoInlet": "<a href=\"https://drive.google.com/file/d/1Tfd2-MpnMr-nOU8SlxgkJN9vbjNVdGNY/view?usp=drivesdk\" target=\"_blank\" rel=\"noopener noreferrer\">Img link</a>", "FotoOutlet": "<a href=\"https://drive.google.com/file/d/1z7ovOBpZP3E6_CGWsLIPHjUMiU18lM0C/view?usp=drivesdk\" target=\"_blank\" rel=\"noopener noreferrer\">Img link</a>", "FotoOther": "-", "LastCheck": -3, "Prioritas": "PRIORITAS 2", "LastCheckGroup": "7 hari"}}, {"type": "Feature", "geometry": {"type": "Point", "coordinates": [115.587951, -2.14798]}, "properties": {"ID Culvert": "KRC.11", "Jumlah Line": 1, "Mitra Kerja Responsible": "SIS", "Tanggal Inspeksi": "2026-09-02 16:51:00", "RiskLevel": "Medium", "FotoInlet": "<a href=\"https://drive.google.com/file/d/1q-W1TsoL5voPtRSF8dueZDsPnAJZm_iq/view?usp=drivesdk\" target=\"_blank\" rel=\"noopener noreferrer\">Img link</a>", "FotoOutlet": "<a href=\"https://drive.google.com/file/d/1WI0eHTGzifYACCVIPx1dUcJKyvYG_5ru/view?usp=drivesdk\" target=\"_blank\" rel=\"noopener noreferrer\">Img link</a>", "FotoOther": "-", "LastCheck": -11, "Prioritas": "PRIORITAS 1", "LastCheckGroup": "30 hari"}}, {"type": "Feature", "geometry": {"type": "Point", "coordinates": [115.593811, -2.138344]}, "properties": {"ID Culvert": "KRC.14", "Jumlah Line": 1, "Mitra Kerja Responsible": "SIS", "Tanggal Inspeksi": "-", "RiskLevel": "No data", "FotoInlet": "-", "FotoOutlet": "-", "FotoOther": "-", "LastCheck": "No data", "Prioritas": "PRIORITAS 1", "LastCheckGroup": "No data"}}, {"type": "Feature", "geometry": {"type": "Point", "coordinates": [115.549276, -2.156165]}, "properties": {"ID Culvert": "PDG.01", "Jumlah Line": 3, "Mitra Kerja Responsible": "SIS", "Tanggal Inspeksi": "2026-09-03 13:28:00", "RiskLevel": "Low", "FotoInlet": "<a href=\"https://drive.google.com/file/d/1bqHdemFN22yu535EzsPOtVS2u1k_BrZ4/view?usp=drivesdk\" target=\"_blank\" rel=\"noopener noreferrer\">Img link</a>", "FotoOutlet": "<a href=\"https://drive.google.com/file/d/1WTAy9NH_OHq_P8foc5mjWsECxszXCIJ2/view?usp=drivesdk\" target=\"_blank\" rel=\"noopener noreferrer\">Img link</a>", "FotoOther": "-", "LastCheck": -10, "Prioritas": "PRIORITAS 1", "LastCheckGroup": "30 hari"}}, {"type": "Feature", "geometry": {"type": "Point", "coordinates": [115.581639, -2.148625]}, "properties": {"ID Culvert": "PLB.01", "Jumlah Line": 2, "Mitra Kerja Responsible": "SIS", "Tanggal Inspeksi": "2026-09-10 16:26:00", "RiskLevel": "Low", "FotoInlet": "<a href=\"https://drive.google.com/file/d/1nA9gVL25ndJXfP8feRCWEZNfrPy1eQPu/view?usp=drivesdk\" target=\"_blank\" rel=\"noopener noreferrer\">Img link</a>", "FotoOutlet": "<a href=\"https://drive.google.com/file/d/1UXvYdAmmOUakbd7QGJ-cK946WUjs_plY/view?usp=drivesdk\" target=\"_blank\" rel=\"noopener noreferrer\">Img link</a>", "FotoOther": "-", "LastCheck": -3, "Prioritas": "PRIORITAS 1", "LastCheckGroup": "7 hari"}}, {"type": "Feature", "geometry": {"type": "Point", "coordinates": [115.567168, -2.154509]}, "properties": {"ID Culvert": "PLB.02", "Jumlah Line": 1, "Mitra Kerja Responsible": "SIS", "Tanggal Inspeksi": "2026-09-11 15:30:00", "RiskLevel": "Medium", "FotoInlet": "<a href=\"https://drive.google.com/file/d/1cGNKWdHZO1Wxo1yCccqD7sehNUXW6GEP/view?usp=drivesdk\" target=\"_blank\" rel=\"noopener noreferrer\">Img link</a>", "FotoOutlet": "<a href=\"https://drive.google.com/file/d/1TpmhZW1O3zpH93MtfDeNuWGI9DAU4Nw9/view?usp=drivesdk\" target=\"_blank\" rel=\"noopener noreferrer\">Img link</a>", "FotoOther": "-", "LastCheck": -2, "Prioritas": "PRIORITAS 2", "LastCheckGroup": "7 hari"}}, {"type": "Feature", "geometry": {"type": "Point", "coordinates": [115.58688, -2.139803]}, "properties": {"ID Culvert": "BGK.01", "Jumlah Line": 1, "Mitra Kerja Responsible": "SIS", "Tanggal Inspeksi": "2026-09-12 08:53:00", "RiskLevel": "Low", "FotoInlet": "<a href=\"https://drive.google.com/file/d/18F4PmL31HtlQ121IpQHeEjZP8TnTNKsn/view?usp=drivesdk\" target=\"_blank\" rel=\"noopener noreferrer\">Img link</a>", "FotoOutlet": "<a href=\"https://drive.google.com/file/d/1j_yLThOnHaC3SFheVBpAlZtBKhE29ITR/view?usp=drivesdk\" target=\"_blank\" rel=\"noopener noreferrer\">Img link</a>", "FotoOther": "-", "LastCheck": -1, "Prioritas": "PRIORITAS 1", "LastCheckGroup": "7 hari"}}, {"type": "Feature", "geometry": {"type": "Point", "coordinates": [115.586374, -2.142317]}, "properties": {"ID Culvert": "BGK.02", "Jumlah Line": 1, "Mitra Kerja Responsible": "SIS", "Tanggal Inspeksi": "2026-09-09 08:49:00", "RiskLevel": "Low", "FotoInlet": "<a href=\"https://drive.google.com/file/d/1mf1S-ZNtMKyc-0qCH6IrZ8s0_Q6e0d0_/view?usp=drivesdk\" target=\"_blank\" rel=\"noopener noreferrer\">Img link</a>", "FotoOutlet": "<a href=\"https://drive.google.com/file/d/1ZnoqfpXHz_co_B9q5bGPmRHTDUy0fE6K/view?usp=drivesdk\" target=\"_blank\" rel=\"noopener noreferrer\">Img link</a>", "FotoOther": "-", "LastCheck": -4, "Prioritas": "PRIORITAS 2", "LastCheckGroup": "7 hari"}}, {"type": "Feature", "geometry": {"type": "Point", "coordinates": [115.58317, -2.145977]}, "properties": {"ID Culvert": "LPG.01", "Jumlah Line": 6, "Mitra Kerja Responsible": "SIS", "Tanggal Inspeksi": "2026-09-08 09:19:00", "RiskLevel": "Low", "FotoInlet": "<a href=\"https://drive.google.com/file/d/1cNQbTFpT42-FNbWPg3s1ntk6daCutQXm/view?usp=drivesdk\" target=\"_blank\" rel=\"noopener noreferrer\">Img link</a>", "FotoOutlet": "<a href=\"https://drive.google.com/file/d/1nj-3Y-UunabCIPf5gGD4GAR5OgW3QMfj/view?usp=drivesdk\" target=\"_blank\" rel=\"noopener noreferrer\">Img link</a>", "FotoOther": "-", "LastCheck": -5, "Prioritas": "PRIORITAS 1", "LastCheckGroup": "7 hari"}}, {"type": "Feature", "geometry": {"type": "Point", "coordinates": [115.570131, -2.149781]}, "properties": {"ID Culvert": "LPG.03", "Jumlah Line": 1, "Mitra Kerja Responsible": "SIS", "Tanggal Inspeksi": "2026-09-12 09:21:00", "RiskLevel": "Medium", "FotoInlet": "<a href=\"https://drive.google.com/file/d/1Ya302wIEAH_u7TM1Y13vBD-aZ-GEz5Zf/view?usp=drivesdk\" target=\"_blank\" rel=\"noopener noreferrer\">Img link</a>", "FotoOutlet": "<a href=\"https://drive.google.com/file/d/1F6ru7qQqdfNibgcxX3lZ2v7NtEkHAneQ/view?usp=drivesdk\" target=\"_blank\" rel=\"noopener noreferrer\">Img link</a>", "FotoOther": "-", "LastCheck": -1, "Prioritas": "PRIORITAS 2", "LastCheckGroup": "7 hari"}}, {"type": "Feature", "geometry": {"type": "Point", "coordinates": [115.569354, -2.152964]}, "properties": {"ID Culvert": "LPG.06", "Jumlah Line": 1, "Mitra Kerja Responsible": "SIS", "Tanggal Inspeksi": "2026-09-09 09:52:00", "RiskLevel": "Medium", "FotoInlet": "<a href=\"https://drive.google.com/file/d/1T-GdM2GJv4vpLXYkgQgcUTWOMXn84-nE/view?usp=drivesdk\" target=\"_blank\" rel=\"noopener noreferrer\">Img link</a>", "FotoOutlet": "<a href=\"https://drive.google.com/file/d/1kuaA_dM645AASqkcR00yqx0nN5IzpGVE/view?usp=drivesdk\" target=\"_blank\" rel=\"noopener noreferrer\">Img link</a>", "FotoOther": "<a href=\"https://drive.google.com/file/d/1oS5na0Mc1ZQeunx3n1p1RnQrnN-rn7PU/view?usp=drivesdk\" target=\"_blank\" rel=\"noopener noreferrer\">Img link</a>", "LastCheck": -4, "Prioritas": "PRIORITAS 2", "LastCheckGroup": "7 hari"}}, {"type": "Feature", "geometry": {"type": "Point", "coordinates": [115.570533, -2.149111]}, "properties": {"ID Culvert": "PBM.01", "Jumlah Line": 1, "Mitra Kerja Responsible": "SIS", "Tanggal Inspeksi": "-", "RiskLevel": "No data", "FotoInlet": "-", "FotoOutlet": "-", "FotoOther": "-", "LastCheck": "No data", "Prioritas": "PRIORITAS 1", "LastCheckGroup": "No data"}}, {"type": "Feature", "geometry": {"type": "Point", "coordinates": [115.570517, -2.147481]}, "properties": {"ID Culvert": "PBM.02", "Jumlah Line": 1, "Mitra Kerja Responsible": "SIS", "Tanggal Inspeksi": "-", "RiskLevel": "No data", "FotoInlet": "-", "FotoOutlet": "-", "FotoOther": "-", "LastCheck": "No data", "Prioritas": "PRIORITAS 1", "LastCheckGroup": "No data"}}, {"type": "Feature", "geometry": {"type": "Point", "coordinates": [115.573335, -2.164545]}, "properties": {"ID Culvert": "MDN.01", "Jumlah Line": 2, "Mitra Kerja Responsible": "SIS", "Tanggal Inspeksi": "2026-09-10 08:20:00", "RiskLevel": "Low", "FotoInlet": "<a href=\"https://drive.google.com/file/d/1_tM12QS01mHnrz4A8HfxvxXEVfH4KwkR/view?usp=drivesdk\" target=\"_blank\" rel=\"noopener noreferrer\">Img link</a>", "FotoOutlet": "<a href=\"https://drive.google.com/file/d/1efQFpdC0_kfAJd24ae9Sm4mAv4sBcVwD/view?usp=drivesdk\" target=\"_blank\" rel=\"noopener noreferrer\">Img link</a>", "FotoOther": "-", "LastCheck": -3, "Prioritas": "PRIORITAS 1", "LastCheckGroup": "7 hari"}}, {"type": "Feature", "geometry": {"type": "Point", "coordinates": [115.56622, -2.159048]}, "properties": {"ID Culvert": "MDN.02", "Jumlah Line": 1, "Mitra Kerja Responsible": "SIS", "Tanggal Inspeksi": "2026-09-12 10:28:00", "RiskLevel": "Low", "FotoInlet": "<a href=\"https://drive.google.com/file/d/1TH53lCNYdcRismB4hHyb2ZA33RFOOVVa/view?usp=drivesdk\" target=\"_blank\" rel=\"noopener noreferrer\">Img link</a>", "FotoOutlet": "<a href=\"https://drive.google.com/file/d/1XZI8auRxYKqP9zYSbIID3VOYwEWtIn9r/view?usp=drivesdk\" target=\"_blank\" rel=\"noopener noreferrer\">Img link</a>", "FotoOther": "-", "LastCheck": -1, "Prioritas": "PRIORITAS 2", "LastCheckGroup": "7 hari"}}, {"type": "Feature", "geometry": {"type": "Point", "coordinates": [115.572803, -2.166643]}, "properties": {"ID Culvert": "MDN.05", "Jumlah Line": 1, "Mitra Kerja Responsible": "SIS", "Tanggal Inspeksi": "2026-04-19 07:20:00", "RiskLevel": "Medium", "FotoInlet": "<a href=\"https://drive.google.com/file/d/1it2ws-QrboXRjrDCGNDAnACF8J3T8U5J/view?usp=drivesdk\" target=\"_blank\" rel=\"noopener noreferrer\">Img link</a>", "FotoOutlet": "<a href=\"https://drive.google.com/file/d/1Glp-48qfyZdaCNNeEKc7Ezv6oMRrsp3o/view?usp=drivesdk\" target=\"_blank\" rel=\"noopener noreferrer\">Img link</a>", "FotoOther": "<a href=\"https://drive.google.com/file/d/1qAy_GZWKb97Vqn_2wodypdNyaYVh4Ge8/view?usp=drivesdk\" target=\"_blank\" rel=\"noopener noreferrer\">Img link</a>", "LastCheck": -147, "Prioritas": "PRIORITAS 2", "LastCheckGroup": "Lebih dari 30 Hari"}}, {"type": "Feature", "geometry": {"type": "Point", "coordinates": [115.565744, -2.161867]}, "properties": {"ID Culvert": "MDN.07", "Jumlah Line": 2, "Mitra Kerja Responsible": "SIS", "Tanggal Inspeksi": "-", "RiskLevel": "No data", "FotoInlet": "-", "FotoOutlet": "-", "FotoOther": "-", "LastCheck": "No data", "Prioritas": "PRIORITAS 1", "LastCheckGroup": "No data"}}, {"type": "Feature", "geometry": {"type": "Point", "coordinates": [115.569425, -2.192154]}, "properties": {"ID Culvert": "BJM.02", "Jumlah Line": 2, "Mitra Kerja Responsible": "SIS", "Tanggal Inspeksi": "2026-07-10 11:28:00", "RiskLevel": "Low", "FotoInlet": "<a href=\"https://drive.google.com/file/d/18lVjl2T5Qd1lEC0G9JIvNra3qyq3TKTu/view?usp=drivesdk\" target=\"_blank\" rel=\"noopener noreferrer\">Img link</a>", "FotoOutlet": "<a href=\"https://drive.google.com/file/d/1OKb0S_G3mBmsd4UgqgLqDru1OoTuzfHQ/view?usp=drivesdk\" target=\"_blank\" rel=\"noopener noreferrer\">Img link</a>", "FotoOther": "-", "LastCheck": -65, "Prioritas": "PRIORITAS 1", "LastCheckGroup": "Lebih dari 30 Hari"}}, {"type": "Feature", "geometry": {"type": "Point", "coordinates": [115.564682, -2.197395]}, "properties": {"ID Culvert": "BJM.01", "Jumlah Line": 5, "Mitra Kerja Responsible": "SIS", "Tanggal Inspeksi": "2026-07-10 09:59:00", "RiskLevel": "Medium", "FotoInlet": "<a href=\"https://drive.google.com/file/d/1dHgLG6n6y695o9LOZByKiMFRxRxSGi5r/view?usp=drivesdk\" target=\"_blank\" rel=\"noopener noreferrer\">Img link</a>", "FotoOutlet": "<a href=\"https://drive.google.com/file/d/1tWq0ZIwV-ROgy2OvUdJAUYUbdVbplN0v/view?usp=drivesdk\" target=\"_blank\" rel=\"noopener noreferrer\">Img link</a>", "FotoOther": "-", "LastCheck": -65, "Prioritas": "PRIORITAS 1", "LastCheckGroup": "Lebih dari 30 Hari"}}, {"type": "Feature", "geometry": {"type": "Point", "coordinates": [115.559104, -2.201839]}, "properties": {"ID Culvert": "BJM.04", "Jumlah Line": 1, "Mitra Kerja Responsible": "SIS", "Tanggal Inspeksi": "2026-06-18 12:27:00", "RiskLevel": "Low", "FotoInlet": "<a href=\"https://drive.google.com/file/d/1A2j1_Lp3ddf8SmnZMtRwMATiEOhyNwP8/view?usp=drivesdk\" target=\"_blank\" rel=\"noopener noreferrer\">Img link</a>", "FotoOutlet": "<a href=\"https://drive.google.com/file/d/11s59fDgMQ2AQV2oh8Qj3wafgrVE5ETCj/view?usp=drivesdk\" target=\"_blank\" rel=\"noopener noreferrer\">Img link</a>", "FotoOther": "<a href=\"https://drive.google.com/file/d/19XHFzAl3N_TmkiFKBxPIvuBAuvvpMbPy/view?usp=drivesdk\" target=\"_blank\" rel=\"noopener noreferrer\">Img link</a>", "LastCheck": -87, "Prioritas": "PRIORITAS 2", "LastCheckGroup": "Lebih dari 30 Hari"}}, {"type": "Feature", "geometry": {"type": "Point", "coordinates": [115.576261, -2.189818]}, "properties": {"ID Culvert": "BJB.03", "Jumlah Line": 2, "Mitra Kerja Responsible": "SIS", "Tanggal Inspeksi": "2026-07-10 09:12:00", "RiskLevel": "Low", "FotoInlet": "<a href=\"https://drive.google.com/file/d/1mOJRcGWadexDOMLdmmXXUFXYFJaBhYKJ/view?usp=drivesdk\" target=\"_blank\" rel=\"noopener noreferrer\">Img link</a>", "FotoOutlet": "<a href=\"https://drive.google.com/file/d/1qCVDXlVmu8QMQ7L5vQHraLdqNfEUrQO_/view?usp=drivesdk\" target=\"_blank\" rel=\"noopener noreferrer\">Img link</a>", "FotoOther": "-", "LastCheck": -65, "Prioritas": "PRIORITAS 1", "LastCheckGroup": "Lebih dari 30 Hari"}}, {"type": "Feature", "geometry": {"type": "Point", "coordinates": [115.546576, -2.196608]}, "properties": {"ID Culvert": "AMB.01", "Jumlah Line": 1, "Mitra Kerja Responsible": "SIS", "Tanggal Inspeksi": "2026-03-19 14:30:00", "RiskLevel": "Low", "FotoInlet": "<a href=\"https://drive.google.com/file/d/19IozY47_vV33FrR36xCtEudTMZ44p1-O/view?usp=drivesdk\" target=\"_blank\" rel=\"noopener noreferrer\">Img link</a>", "FotoOutlet": "<a href=\"https://drive.google.com/file/d/1vBx_EHyLdniCCXQHwhN4w7hcPVmO-dat/view?usp=drivesdk\" target=\"_blank\" rel=\"noopener noreferrer\">Img link</a>", "FotoOther": "<a href=\"https://drive.google.com/file/d/1t4Lx08y-b6Qlru-hSOQKA0p2S3IDhjlL/view?usp=drivesdk\" target=\"_blank\" rel=\"noopener noreferrer\">Img link</a>", "LastCheck": -178, "Prioritas": "PRIORITAS 2", "LastCheckGroup": "Lebih dari 30 Hari"}}, {"type": "Feature", "geometry": {"type": "Point", "coordinates": [115.545912, -2.196056]}, "properties": {"ID Culvert": "AMB.02", "Jumlah Line": 1, "Mitra Kerja Responsible": "SIS", "Tanggal Inspeksi": "-", "RiskLevel": "No data", "FotoInlet": "-", "FotoOutlet": "-", "FotoOther": "-", "LastCheck": "No data", "Prioritas": "PRIORITAS 2", "LastCheckGroup": "No data"}}, {"type": "Feature", "geometry": {"type": "Point", "coordinates": [115.5479, -2.201236]}, "properties": {"ID Culvert": "AMB.03", "Jumlah Line": 1, "Mitra Kerja Responsible": "SIS", "Tanggal Inspeksi": "-", "RiskLevel": "No data", "FotoInlet": "-", "FotoOutlet": "-", "FotoOther": "-", "LastCheck": "No data", "Prioritas": "PRIORITAS 2", "LastCheckGroup": "No data"}}, {"type": "Feature", "geometry": {"type": "Point", "coordinates": [115.563883, -2.197041]}, "properties": {"ID Culvert": "SMR.04", "Jumlah Line": 1, "Mitra Kerja Responsible": "SIS", "Tanggal Inspeksi": "2026-07-10 11:22:00", "RiskLevel": "Low", "FotoInlet": "<a href=\"https://drive.google.com/file/d/1lupBxOWQ_akpGZR-KQT1Duyv9xcT1Mu3/view?usp=drivesdk\" target=\"_blank\" rel=\"noopener noreferrer\">Img link</a>", "FotoOutlet": "<a href=\"https://drive.google.com/file/d/1uDCAEf1LO33npbkEH0_PuW6_Oto_WpT0/view?usp=drivesdk\" target=\"_blank\" rel=\"noopener noreferrer\">Img link</a>", "FotoOther": "-", "LastCheck": -65, "Prioritas": "PRIORITAS 1", "LastCheckGroup": "Lebih dari 30 Hari"}}, {"type": "Feature", "geometry": {"type": "Point", "coordinates": [115.568329, -2.19199]}, "properties": {"ID Culvert": "SMR.05", "Jumlah Line": 1, "Mitra Kerja Responsible": "SIS", "Tanggal Inspeksi": "-", "RiskLevel": "No data", "FotoInlet": "-", "FotoOutlet": "-", "FotoOther": "-", "LastCheck": "No data", "Prioritas": "PRIORITAS 1", "LastCheckGroup": "No data"}}, {"type": "Feature", "geometry": {"type": "Point", "coordinates": [115.582228, -2.183936]}, "properties": {"ID Culvert": "DPS.08", "Jumlah Line": 1, "Mitra Kerja Responsible": "SIS", "Tanggal Inspeksi": "-", "RiskLevel": "No data", "FotoInlet": "-", "FotoOutlet": "-", "FotoOther": "-", "LastCheck": "No data", "Prioritas": "PRIORITAS 1", "LastCheckGroup": "No data"}}, {"type": "Feature", "geometry": {"type": "Point", "coordinates": [115.579978, -2.177997]}, "properties": {"ID Culvert": "DPS.09", "Jumlah Line": 2, "Mitra Kerja Responsible": "SIS", "Tanggal Inspeksi": "-", "RiskLevel": "No data", "FotoInlet": "-", "FotoOutlet": "-", "FotoOther": "-", "LastCheck": "No data", "Prioritas": "PRIORITAS 1", "LastCheckGroup": "No data"}}, {"type": "Feature", "geometry": {"type": "Point", "coordinates": [115.584007, -2.193027]}, "properties": {"ID Culvert": "BTG.03", "Jumlah Line": 1, "Mitra Kerja Responsible": "SIS", "Tanggal Inspeksi": "2026-08-31 08:02:00", "RiskLevel": "Low", "FotoInlet": "<a href=\"https://drive.google.com/file/d/18O9zyT4RI5PO7Z21hkk0jcAR3rG4IbEl/view?usp=drivesdk\" target=\"_blank\" rel=\"noopener noreferrer\">Img link</a>", "FotoOutlet": "<a href=\"https://drive.google.com/file/d/11IjhupBkIHyNWGfTq0-q4EnJ7LtCH8DD/view?usp=drivesdk\" target=\"_blank\" rel=\"noopener noreferrer\">Img link</a>", "FotoOther": "-", "LastCheck": -13, "Prioritas": "PRIORITAS 2", "LastCheckGroup": "30 hari"}}, {"type": "Feature", "geometry": {"type": "Point", "coordinates": [115.569521, -2.195898]}, "properties": {"ID Culvert": "MKS.01", "Jumlah Line": 1, "Mitra Kerja Responsible": "SIS", "Tanggal Inspeksi": "2026-09-12 14:20:00", "RiskLevel": "Low", "FotoInlet": "<a href=\"https://drive.google.com/file/d/1VtKr_Y5b6Yi51NNg5lZsfCdrbAx1R6Dr/view?usp=drivesdk\" target=\"_blank\" rel=\"noopener noreferrer\">Img link</a>", "FotoOutlet": "<a href=\"https://drive.google.com/file/d/1E8JtfmTZXxbG6bVqYEiKlcO64LoVFsJF/view?usp=drivesdk\" target=\"_blank\" rel=\"noopener noreferrer\">Img link</a>", "FotoOther": "<a href=\"https://drive.google.com/file/d/1YeiJlJEC0A21PRYDlkIoPQheshwvPs82/view?usp=drivesdk\" target=\"_blank\" rel=\"noopener noreferrer\">Img link</a>", "LastCheck": -1, "Prioritas": "PRIORITAS 1", "LastCheckGroup": "7 hari"}}, {"type": "Feature", "geometry": {"type": "Point", "coordinates": [115.561523, -2.201453]}, "properties": {"ID Culvert": "MKS.02", "Jumlah Line": 1, "Mitra Kerja Responsible": "SIS", "Tanggal Inspeksi": "2026-09-12 08:25:00", "RiskLevel": "Low", "FotoInlet": "<a href=\"https://drive.google.com/file/d/1Ltvlr9prUlgV9msRvdkc9StytNxbbh-p/view?usp=drivesdk\" target=\"_blank\" rel=\"noopener noreferrer\">Img link</a>", "FotoOutlet": "<a href=\"https://drive.google.com/file/d/1zM4YMCeEPQMW-KdWsx5eCEsMxVZUMklR/view?usp=drivesdk\" target=\"_blank\" rel=\"noopener noreferrer\">Img link</a>", "FotoOther": "-", "LastCheck": -1, "Prioritas": "PRIORITAS 1", "LastCheckGroup": "7 hari"}}, {"type": "Feature", "geometry": {"type": "Point", "coordinates": [115.549567, -2.209671]}, "properties": {"ID Culvert": "MKS.03", "Jumlah Line": 1, "Mitra Kerja Responsible": "SIS", "Tanggal Inspeksi": "2026-05-08 14:41:00", "RiskLevel": "Medium", "FotoInlet": "<a href=\"https://drive.google.com/file/d/11WUm-D1T3diY_TDlOHRPvYxAQBanzovc/view?usp=drivesdk\" target=\"_blank\" rel=\"noopener noreferrer\">Img link</a>", "FotoOutlet": "<a href=\"https://drive.google.com/file/d/1vw9pwGsNjRMdWwuuGBTDEAonfBn3k7f-/view?usp=drivesdk\" target=\"_blank\" rel=\"noopener noreferrer\">Img link</a>", "FotoOther": "-", "LastCheck": -128, "Prioritas": "PRIORITAS 2", "LastCheckGroup": "Lebih dari 30 Hari"}}, {"type": "Feature", "geometry": {"type": "Point", "coordinates": [115.566325, -2.171466]}, "properties": {"ID Culvert": "BGR.01", "Jumlah Line": 2, "Mitra Kerja Responsible": "SIS", "Tanggal Inspeksi": "2026-09-12 07:37:00", "RiskLevel": "Low", "FotoInlet": "<a href=\"https://drive.google.com/file/d/1KD_IGPj0GGQKvEuqdlv3W4i1KTfwZOQ3/view?usp=drivesdk\" target=\"_blank\" rel=\"noopener noreferrer\">Img link</a>", "FotoOutlet": "<a href=\"https://drive.google.com/file/d/1eYBZNmMLCBOpz3Lm1EEbpinftRUKvVls/view?usp=drivesdk\" target=\"_blank\" rel=\"noopener noreferrer\">Img link</a>", "FotoOther": "-", "LastCheck": -1, "Prioritas": "PRIORITAS 1", "LastCheckGroup": "7 hari"}}, {"type": "Feature", "geometry": {"type": "Point", "coordinates": [115.560926, -2.167599]}, "properties": {"ID Culvert": "JKT.01", "Jumlah Line": 1, "Mitra Kerja Responsible": "SIS", "Tanggal Inspeksi": "2025-09-06 12:33:00", "RiskLevel": "Medium", "FotoInlet": "<a href=\"https://drive.google.com/file/d/1z3t2Aspr75i-uTU9RxAL3tYlfcvVTtE2/view?usp=drivesdk\" target=\"_blank\" rel=\"noopener noreferrer\">Img link</a>", "FotoOutlet": "<a href=\"https://drive.google.com/file/d/1Cv_jq5xbMD3-G-LrJJKuT_IXG5DHSmlJ/view?usp=drivesdk\" target=\"_blank\" rel=\"noopener noreferrer\">Img link</a>", "FotoOther": "-", "LastCheck": -372, "Prioritas": "PRIORITAS 2", "LastCheckGroup": "Lebih dari 30 Hari"}}, {"type": "Feature", "geometry": {"type": "Point", "coordinates": [115.552266, -2.169915]}, "properties": {"ID Culvert": "JKT.02", "Jumlah Line": 1, "Mitra Kerja Responsible": "SIS", "Tanggal Inspeksi": "2026-03-15 11:29:00", "RiskLevel": "Low", "FotoInlet": "<a href=\"https://drive.google.com/file/d/1OPDQHz54XdEFsNABZPfNZgpDlVfuO4RN/view?usp=drivesdk\" target=\"_blank\" rel=\"noopener noreferrer\">Img link</a>", "FotoOutlet": "<a href=\"https://drive.google.com/file/d/1R0PnaGpMwfoAdRnpRIXLSHeUfxQh58Jh/view?usp=drivesdk\" target=\"_blank\" rel=\"noopener noreferrer\">Img link</a>", "FotoOther": "-", "LastCheck": -182, "Prioritas": "PRIORITAS 1", "LastCheckGroup": "Lebih dari 30 Hari"}}, {"type": "Feature", "geometry": {"type": "Point", "coordinates": [115.565445, -2.171013]}, "properties": {"ID Culvert": "JKT.03", "Jumlah Line": 1, "Mitra Kerja Responsible": "SIS", "Tanggal Inspeksi": "2026-09-01 08:05:00", "RiskLevel": "Low", "FotoInlet": "<a href=\"https://drive.google.com/file/d/18TsfJMVdscQkwJO9tWSUrp-Z4xY4hwp-/view?usp=drivesdk\" target=\"_blank\" rel=\"noopener noreferrer\">Img link</a>", "FotoOutlet": "<a href=\"https://drive.google.com/file/d/1kB2noQXh_TR84J43cc1-6M2q_Y5kRoY6/view?usp=drivesdk\" target=\"_blank\" rel=\"noopener noreferrer\">Img link</a>", "FotoOther": "-", "LastCheck": -12, "Prioritas": "PRIORITAS 2", "LastCheckGroup": "30 hari"}}, {"type": "Feature", "geometry": {"type": "Point", "coordinates": [115.54955, -2.17107]}, "properties": {"ID Culvert": "JKT.05", "Jumlah Line": 1, "Mitra Kerja Responsible": "SIS", "Tanggal Inspeksi": "2026-07-13 16:28:00", "RiskLevel": "Low", "FotoInlet": "<a href=\"https://drive.google.com/file/d/1WZV9d46K-IzDe-YwynS9hHJbNtKZIDAK/view?usp=drivesdk\" target=\"_blank\" rel=\"noopener noreferrer\">Img link</a>", "FotoOutlet": "<a href=\"https://drive.google.com/file/d/16HwWM-tSpZ6gYy4ESAuDXEfP7UZZtIfB/view?usp=drivesdk\" target=\"_blank\" rel=\"noopener noreferrer\">Img link</a>", "FotoOther": "-", "LastCheck": -62, "Prioritas": "PRIORITAS 2", "LastCheckGroup": "Lebih dari 30 Hari"}}, {"type": "Feature", "geometry": {"type": "Point", "coordinates": [115.558597, -2.168537]}, "properties": {"ID Culvert": "JKT.08", "Jumlah Line": 1, "Mitra Kerja Responsible": "SIS", "Tanggal Inspeksi": "2026-09-01 07:58:00", "RiskLevel": "Low", "FotoInlet": "<a href=\"https://drive.google.com/file/d/1h7U31Zzs2k8HU0Fo52xMOy7vWpllKEhc/view?usp=drivesdk\" target=\"_blank\" rel=\"noopener noreferrer\">Img link</a>", "FotoOutlet": "<a href=\"https://drive.google.com/file/d/1QP885P1i0wynko37aaRuu_UxyfhiMC7N/view?usp=drivesdk\" target=\"_blank\" rel=\"noopener noreferrer\">Img link</a>", "FotoOther": "-", "LastCheck": -12, "Prioritas": "PRIORITAS 2", "LastCheckGroup": "30 hari"}}, {"type": "Feature", "geometry": {"type": "Point", "coordinates": [115.556223, -2.168942]}, "properties": {"ID Culvert": "JKT.09", "Jumlah Line": 1, "Mitra Kerja Responsible": "SIS", "Tanggal Inspeksi": "-", "RiskLevel": "No data", "FotoInlet": "-", "FotoOutlet": "-", "FotoOther": "-", "LastCheck": "No data", "Prioritas": "PRIORITAS 2", "LastCheckGroup": "No data"}}, {"type": "Feature", "geometry": {"type": "Point", "coordinates": [115.558697, -2.166897]}, "properties": {"ID Culvert": "JKT.11", "Jumlah Line": 1, "Mitra Kerja Responsible": "SIS", "Tanggal Inspeksi": "-", "RiskLevel": "No data", "FotoInlet": "-", "FotoOutlet": "-", "FotoOther": "-", "LastCheck": "No data", "Prioritas": "PRIORITAS 2", "LastCheckGroup": "No data"}}, {"type": "Feature", "geometry": {"type": "Point", "coordinates": [115.562165, -2.159252]}, "properties": {"ID Culvert": "BIN.03", "Jumlah Line": 1, "Mitra Kerja Responsible": "SIS", "Tanggal Inspeksi": "2026-09-12 14:10:00", "RiskLevel": "Low", "FotoInlet": "<a href=\"https://drive.google.com/file/d/19Ava-pHwCdM7iNSR1Zokif6eg54Hjr1e/view?usp=drivesdk\" target=\"_blank\" rel=\"noopener noreferrer\">Img link</a>", "FotoOutlet": "<a href=\"https://drive.google.com/file/d/1JfzFQNiJeL4y23dJyyti-a_aUFvupsFS/view?usp=drivesdk\" target=\"_blank\" rel=\"noopener noreferrer\">Img link</a>", "FotoOther": "-", "LastCheck": -1, "Prioritas": "PRIORITAS 2", "LastCheckGroup": "7 hari"}}, {"type": "Feature", "geometry": {"type": "Point", "coordinates": [115.563351, -2.159923]}, "properties": {"ID Culvert": "BIN.04", "Jumlah Line": 1, "Mitra Kerja Responsible": "SIS", "Tanggal Inspeksi": "2026-09-12 09:06:00", "RiskLevel": "Critical", "FotoInlet": "<a href=\"https://drive.google.com/file/d/19m-ASl2WwH-6YE2X8KF9Pgx1P_fT47Fy/view?usp=drivesdk\" target=\"_blank\" rel=\"noopener noreferrer\">Img link</a>", "FotoOutlet": "<a href=\"https://drive.google.com/file/d/1oHzuchvUQiBxH_DcA7--Eq1fzjo7tt1f/view?usp=drivesdk\" target=\"_blank\" rel=\"noopener noreferrer\">Img link</a>", "FotoOther": "-", "LastCheck": -1, "Prioritas": "PRIORITAS 2", "LastCheckGroup": "7 hari"}}, {"type": "Feature", "geometry": {"type": "Point", "coordinates": [115.563558, -2.160059]}, "properties": {"ID Culvert": "BIN.05", "Jumlah Line": 1, "Mitra Kerja Responsible": "SIS", "Tanggal Inspeksi": "2026-09-09 08:53:00", "RiskLevel": "Low", "FotoInlet": "<a href=\"https://drive.google.com/file/d/1CKtMojPsTeXOTC6gNGz-FnlT_DD85RR2/view?usp=drivesdk\" target=\"_blank\" rel=\"noopener noreferrer\">Img link</a>", "FotoOutlet": "<a href=\"https://drive.google.com/file/d/1HbU8TsSMeNk8mz7ezHqf8whWUYba7oxw/view?usp=drivesdk\" target=\"_blank\" rel=\"noopener noreferrer\">Img link</a>", "FotoOther": "-", "LastCheck": -4, "Prioritas": "PRIORITAS 2", "LastCheckGroup": "7 hari"}}, {"type": "Feature", "geometry": {"type": "Point", "coordinates": [115.564822, -2.160067]}, "properties": {"ID Culvert": "BIN.06", "Jumlah Line": 1, "Mitra Kerja Responsible": "SIS", "Tanggal Inspeksi": "-", "RiskLevel": "No data", "FotoInlet": "-", "FotoOutlet": "-", "FotoOther": "-", "LastCheck": "No data", "Prioritas": "PRIORITAS 1", "LastCheckGroup": "No data"}}, {"type": "Feature", "geometry": {"type": "Point", "coordinates": [115.567635, -2.174488]}, "properties": {"ID Culvert": "BDG.02", "Jumlah Line": 2, "Mitra Kerja Responsible": "SIS", "Tanggal Inspeksi": "2026-09-12 09:22:00", "RiskLevel": "Low", "FotoInlet": "<a href=\"https://drive.google.com/file/d/1ygRlD1cr9q5pnCvvO1F1ouMOQsUfhSPC/view?usp=drivesdk\" target=\"_blank\" rel=\"noopener noreferrer\">Img link</a>", "FotoOutlet": "<a href=\"https://drive.google.com/file/d/16W2wj_r4_3IDfo_I6hz-IxN8UM7-gB5P/view?usp=drivesdk\" target=\"_blank\" rel=\"noopener noreferrer\">Img link</a>", "FotoOther": "-", "LastCheck": -1, "Prioritas": "PRIORITAS 1", "LastCheckGroup": "7 hari"}}, {"type": "Feature", "geometry": {"type": "Point", "coordinates": [115.566816, -2.175745]}, "properties": {"ID Culvert": "BDG.03", "Jumlah Line": 3, "Mitra Kerja Responsible": "SIS", "Tanggal Inspeksi": "2026-09-12 09:18:00", "RiskLevel": "Low", "FotoInlet": "<a href=\"https://drive.google.com/file/d/1x-VZSZMcn3eeHHwyJJAWmCUawP7fMuHc/view?usp=drivesdk\" target=\"_blank\" rel=\"noopener noreferrer\">Img link</a>", "FotoOutlet": "<a href=\"https://drive.google.com/file/d/1ZCuaYdim70Zl25aPn6gGt6IUSTlpX_JM/view?usp=drivesdk\" target=\"_blank\" rel=\"noopener noreferrer\">Img link</a>", "FotoOther": "-", "LastCheck": -1, "Prioritas": "PRIORITAS 1", "LastCheckGroup": "7 hari"}}, {"type": "Feature", "geometry": {"type": "Point", "coordinates": [115.564141, -2.180762]}, "properties": {"ID Culvert": "BDG.04", "Jumlah Line": 2, "Mitra Kerja Responsible": "SIS", "Tanggal Inspeksi": "2026-09-02 13:02:00", "RiskLevel": "Low", "FotoInlet": "<a href=\"https://drive.google.com/file/d/1-6sfDrRrCzT3xnQKBn4j4BGPlsWndFpy/view?usp=drivesdk\" target=\"_blank\" rel=\"noopener noreferrer\">Img link</a>", "FotoOutlet": "<a href=\"https://drive.google.com/file/d/1OdQG4X_oL3ZzZUhLkb6gKbZ7uH7PO6qa/view?usp=drivesdk\" target=\"_blank\" rel=\"noopener noreferrer\">Img link</a>", "FotoOther": "-", "LastCheck": -11, "Prioritas": "PRIORITAS 2", "LastCheckGroup": "30 hari"}}, {"type": "Feature", "geometry": {"type": "Point", "coordinates": [115.557428, -2.177499]}, "properties": {"ID Culvert": "BDG.05", "Jumlah Line": 2, "Mitra Kerja Responsible": "SIS", "Tanggal Inspeksi": "2026-02-23 14:00:00", "RiskLevel": "Low", "FotoInlet": "<a href=\"https://drive.google.com/file/d/1G39zi_90JmJrbAZmlYTlz2PJAVPjgEiH/view?usp=drivesdk\" target=\"_blank\" rel=\"noopener noreferrer\">Img link</a>", "FotoOutlet": "<a href=\"https://drive.google.com/file/d/1FXGQvpMkyNpzU2Ha7zQwp6WP8cVcZq_r/view?usp=drivesdk\" target=\"_blank\" rel=\"noopener noreferrer\">Img link</a>", "FotoOther": "-", "LastCheck": -202, "Prioritas": "PRIORITAS 2", "LastCheckGroup": "Lebih dari 30 Hari"}}, {"type": "Feature", "geometry": {"type": "Point", "coordinates": [115.574361, -2.174681]}, "properties": {"ID Culvert": "SUB.02", "Jumlah Line": 1, "Mitra Kerja Responsible": "SIS", "Tanggal Inspeksi": "2026-09-02 12:47:00", "RiskLevel": "Low", "FotoInlet": "<a href=\"https://drive.google.com/file/d/1NDO2wNgjb2Zld5G2a-ZZUJAEunUJGi_J/view?usp=drivesdk\" target=\"_blank\" rel=\"noopener noreferrer\">Img link</a>", "FotoOutlet": "<a href=\"https://drive.google.com/file/d/1uMJrddE8avu-IYPVA74W0sP70d1ceMIY/view?usp=drivesdk\" target=\"_blank\" rel=\"noopener noreferrer\">Img link</a>", "FotoOther": "-", "LastCheck": -11, "Prioritas": "PRIORITAS 1", "LastCheckGroup": "30 hari"}}, {"type": "Feature", "geometry": {"type": "Point", "coordinates": [115.590098, -2.168821]}, "properties": {"ID Culvert": "SMB.03", "Jumlah Line": 1, "Mitra Kerja Responsible": "SIS", "Tanggal Inspeksi": "-", "RiskLevel": "No data", "FotoInlet": "-", "FotoOutlet": "-", "FotoOther": "-", "LastCheck": "No data", "Prioritas": "PRIORITAS 2", "LastCheckGroup": "No data"}}, {"type": "Feature", "geometry": {"type": "Point", "coordinates": [115.589319, -2.161178]}, "properties": {"ID Culvert": "SMB.04", "Jumlah Line": 1, "Mitra Kerja Responsible": "SIS", "Tanggal Inspeksi": "2026-09-07 09:20:00", "RiskLevel": "Low", "FotoInlet": "<a href=\"https://drive.google.com/file/d/1HkDcFLRLJM1iCre9XpTdPU3GWsrdStJf/view?usp=drivesdk\" target=\"_blank\" rel=\"noopener noreferrer\">Img link</a>", "FotoOutlet": "<a href=\"https://drive.google.com/file/d/1xeXAEKpHcChC0UyJpJSL5SRi0WL0pEuJ/view?usp=drivesdk\" target=\"_blank\" rel=\"noopener noreferrer\">Img link</a>", "FotoOther": "-", "LastCheck": -6, "Prioritas": "PRIORITAS 2", "LastCheckGroup": "7 hari"}}, {"type": "Feature", "geometry": {"type": "Point", "coordinates": [115.593537, -2.17416]}, "properties": {"ID Culvert": "MND.02", "Jumlah Line": 1, "Mitra Kerja Responsible": "SIS", "Tanggal Inspeksi": "2026-08-24 14:08:00", "RiskLevel": "Low", "FotoInlet": "<a href=\"https://drive.google.com/file/d/1zD21pjgRl2MCoPjEKwc-DrS7oAnAQr4S/view?usp=drivesdk\" target=\"_blank\" rel=\"noopener noreferrer\">Img link</a>", "FotoOutlet": "<a href=\"https://drive.google.com/file/d/1IIHqbMt-zlv3HMSR1H0cKFO0hQAHlpyM/view?usp=drivesdk\" target=\"_blank\" rel=\"noopener noreferrer\">Img link</a>", "FotoOther": "-", "LastCheck": -20, "Prioritas": "PRIORITAS 2", "LastCheckGroup": "30 hari"}}, {"type": "Feature", "geometry": {"type": "Point", "coordinates": [115.581393, -2.162427]}, "properties": {"ID Culvert": "BNE.02", "Jumlah Line": 4, "Mitra Kerja Responsible": "SIS", "Tanggal Inspeksi": "2026-04-05 08:51:00", "RiskLevel": "Low", "FotoInlet": "<a href=\"https://drive.google.com/file/d/1q8Y_IITk8kPt1y0S5C6Gc5LOXeGArlCo/view?usp=drivesdk\" target=\"_blank\" rel=\"noopener noreferrer\">Img link</a>", "FotoOutlet": "<a href=\"https://drive.google.com/file/d/1IpfEz03zUqCM5rWQlkwlT-Apz68K6P3B/view?usp=drivesdk\" target=\"_blank\" rel=\"noopener noreferrer\">Img link</a>", "FotoOther": "-", "LastCheck": -161, "Prioritas": "PRIORITAS 1", "LastCheckGroup": "Lebih dari 30 Hari"}}, {"type": "Feature", "geometry": {"type": "Point", "coordinates": [115.584799, -2.192738]}, "properties": {"ID Culvert": "TJG.01", "Jumlah Line": 2, "Mitra Kerja Responsible": "SIS", "Tanggal Inspeksi": "2026-06-20 13:59:00", "RiskLevel": "Low", "FotoInlet": "<a href=\"https://drive.google.com/file/d/1KqgEWzwexrmMqA2yV3LEd33TiYiNG3-S/view?usp=drivesdk\" target=\"_blank\" rel=\"noopener noreferrer\">Img link</a>", "FotoOutlet": "<a href=\"https://drive.google.com/file/d/1Vv6NOv6c8WyNFZY4YdCi7F_t-04z_IRP/view?usp=drivesdk\" target=\"_blank\" rel=\"noopener noreferrer\">Img link</a>", "FotoOther": "<a href=\"https://drive.google.com/file/d/1-2fP2gmCsERUBdXEE2Fc2qEhytuwLoCB/view?usp=drivesdk\" target=\"_blank\" rel=\"noopener noreferrer\">Img link</a>", "LastCheck": -85, "Prioritas": "PRIORITAS 1", "LastCheckGroup": "Lebih dari 30 Hari"}}, {"type": "Feature", "geometry": {"type": "Point", "coordinates": [115.592454, -2.187717]}, "properties": {"ID Culvert": "TJG.02", "Jumlah Line": 1, "Mitra Kerja Responsible": "SIS", "Tanggal Inspeksi": "2026-08-24 14:12:00", "RiskLevel": "Low", "FotoInlet": "<a href=\"https://drive.google.com/file/d/1uQgVwJ-Zi8RL4dz1Dniisd2dloKeszdQ/view?usp=drivesdk\" target=\"_blank\" rel=\"noopener noreferrer\">Img link</a>", "FotoOutlet": "<a href=\"https://drive.google.com/file/d/1azm2XDKW7UejAQ9oHjo6J8VG-Q-wAQis/view?usp=drivesdk\" target=\"_blank\" rel=\"noopener noreferrer\">Img link</a>", "FotoOther": "-", "LastCheck": -20, "Prioritas": "PRIORITAS 2", "LastCheckGroup": "30 hari"}}, {"type": "Feature", "geometry": {"type": "Point", "coordinates": [115.581708, -2.192453]}, "properties": {"ID Culvert": "SGT.03", "Jumlah Line": 1, "Mitra Kerja Responsible": "SIS", "Tanggal Inspeksi": "-", "RiskLevel": "No data", "FotoInlet": "-", "FotoOutlet": "-", "FotoOther": "-", "LastCheck": "No data", "Prioritas": "PRIORITAS 1", "LastCheckGroup": "No data"}}, {"type": "Feature", "geometry": {"type": "Point", "coordinates": [115.589575, -2.181111]}, "properties": {"ID Culvert": "FLR.02", "Jumlah Line": 2, "Mitra Kerja Responsible": "SIS", "Tanggal Inspeksi": "2026-03-15 13:21:00", "RiskLevel": "Low", "FotoInlet": "<a href=\"https://drive.google.com/file/d/1aVzRgt870gi9GQYJ-aTFtf56UsiS26nP/view?usp=drivesdk\" target=\"_blank\" rel=\"noopener noreferrer\">Img link</a>", "FotoOutlet": "<a href=\"https://drive.google.com/file/d/1BMYAGddd2JbwUt1zRrQd53F5YGPW_zuT/view?usp=drivesdk\" target=\"_blank\" rel=\"noopener noreferrer\">Img link</a>", "FotoOther": "-", "LastCheck": -182, "Prioritas": "PRIORITAS 1", "LastCheckGroup": "Lebih dari 30 Hari"}}, {"type": "Feature", "geometry": {"type": "Point", "coordinates": [115.588603, -2.187214]}, "properties": {"ID Culvert": "FLR.03", "Jumlah Line": 2, "Mitra Kerja Responsible": "SIS", "Tanggal Inspeksi": "-", "RiskLevel": "No data", "FotoInlet": "-", "FotoOutlet": "-", "FotoOther": "-", "LastCheck": "No data", "Prioritas": "PRIORITAS 1", "LastCheckGroup": "No data"}}, {"type": "Feature", "geometry": {"type": "Point", "coordinates": [115.537049, -2.203997]}, "properties": {"ID Culvert": "SNT.01", "Jumlah Line": 3, "Mitra Kerja Responsible": "SIS", "Tanggal Inspeksi": "2026-09-13 07:58:00", "RiskLevel": "Medium", "FotoInlet": "<a href=\"https://drive.google.com/file/d/1UsWBJ2t-BEWSa9n4ZBmkZpTvy08-c8Vo/view?usp=drivesdk\" target=\"_blank\" rel=\"noopener noreferrer\">Img link</a>", "FotoOutlet": "<a href=\"https://drive.google.com/file/d/13AU4dujZPJwOxDxMdofiJN0pCnDNT6u7/view?usp=drivesdk\" target=\"_blank\" rel=\"noopener noreferrer\">Img link</a>", "FotoOther": "<a href=\"https://drive.google.com/file/d/1NcVgkH9KyL01SOfHDPGnAeoUFG9aCyJy/view?usp=drivesdk\" target=\"_blank\" rel=\"noopener noreferrer\">Img link</a>", "LastCheck": 0, "Prioritas": "PRIORITAS 1", "LastCheckGroup": "Hari ini"}}, {"type": "Feature", "geometry": {"type": "Point", "coordinates": [115.570401, -2.139571]}, "properties": {"ID Culvert": "BKL.01", "Jumlah Line": 1, "Mitra Kerja Responsible": "SIS", "Tanggal Inspeksi": "2026-09-05 13:29:00", "RiskLevel": "Low", "FotoInlet": "<a href=\"https://drive.google.com/file/d/1_P4FBWjbz5sSz-UAsGnX5vBAr1Eaa8Hr/view?usp=drivesdk\" target=\"_blank\" rel=\"noopener noreferrer\">Img link</a>", "FotoOutlet": "<a href=\"https://drive.google.com/file/d/19eBnQzUWn-aROYoByiYFQX9mF5fSam8n/view?usp=drivesdk\" target=\"_blank\" rel=\"noopener noreferrer\">Img link</a>", "FotoOther": "-", "LastCheck": -8, "Prioritas": "PRIORITAS 2", "LastCheckGroup": "30 hari"}}, {"type": "Feature", "geometry": {"type": "Point", "coordinates": [115.56928, -2.146036]}, "properties": {"ID Culvert": "LPG.02", "Jumlah Line": 1, "Mitra Kerja Responsible": "SIS", "Tanggal Inspeksi": "2026-09-09 08:25:00", "RiskLevel": "Medium", "FotoInlet": "<a href=\"https://drive.google.com/file/d/1593FKVnr5PKJ_D_x6p_5PRz5Ccr0kpsG/view?usp=drivesdk\" target=\"_blank\" rel=\"noopener noreferrer\">Img link</a>", "FotoOutlet": "<a href=\"https://drive.google.com/file/d/100NU7sWDJFUo80aHmk2ZkOcqPxXWmmI8/view?usp=drivesdk\" target=\"_blank\" rel=\"noopener noreferrer\">Img link</a>", "FotoOther": "-", "LastCheck": -4, "Prioritas": "PRIORITAS 2", "LastCheckGroup": "7 hari"}}, {"type": "Feature", "geometry": {"type": "Point", "coordinates": [115.576134, -2.152121]}, "properties": {"ID Culvert": "LHT.01", "Jumlah Line": 1, "Mitra Kerja Responsible": "SIS", "Tanggal Inspeksi": "2026-09-12 13:49:00", "RiskLevel": "Low", "FotoInlet": "<a href=\"https://drive.google.com/file/d/14Ld0lc8U8ATTWWmmRyez1pCAKrtCmtcA/view?usp=drivesdk\" target=\"_blank\" rel=\"noopener noreferrer\">Img link</a>", "FotoOutlet": "<a href=\"https://drive.google.com/file/d/1nqeOqzDRJVmeiY92ien4zOOHfO1Kfukf/view?usp=drivesdk\" target=\"_blank\" rel=\"noopener noreferrer\">Img link</a>", "FotoOther": "-", "LastCheck": -1, "Prioritas": "PRIORITAS 2", "LastCheckGroup": "7 hari"}}, {"type": "Feature", "geometry": {"type": "Point", "coordinates": [115.568662, -2.15281]}, "properties": {"ID Culvert": "LPG.07", "Jumlah Line": 1, "Mitra Kerja Responsible": "SIS", "Tanggal Inspeksi": "2026-09-09 09:47:00", "RiskLevel": "Medium", "FotoInlet": "<a href=\"https://drive.google.com/file/d/1fd27D_MUj4MaWdfcesSwpFnKJvv7Ij3g/view?usp=drivesdk\" target=\"_blank\" rel=\"noopener noreferrer\">Img link</a>", "FotoOutlet": "<a href=\"https://drive.google.com/file/d/1Eb_AzjqrVHQn9LOvfXMBwuKrHQlo38lm/view?usp=drivesdk\" target=\"_blank\" rel=\"noopener noreferrer\">Img link</a>", "FotoOther": "<a href=\"https://drive.google.com/file/d/1BtoIDvRbBykiU-pC5BKPEGourQEq1QM0/view?usp=drivesdk\" target=\"_blank\" rel=\"noopener noreferrer\">Img link</a>", "LastCheck": -4, "Prioritas": "PRIORITAS 2", "LastCheckGroup": "7 hari"}}, {"type": "Feature", "geometry": {"type": "Point", "coordinates": [115.547406, -2.193597]}, "properties": {"ID Culvert": "MTM.01", "Jumlah Line": 1, "Mitra Kerja Responsible": "SIS", "Tanggal Inspeksi": "2026-09-10 07:57:00", "RiskLevel": "Low", "FotoInlet": "<a href=\"https://drive.google.com/file/d/1MvXZBC8NU1u9fsAYqozaqMK6LBGxNHkj/view?usp=drivesdk\" target=\"_blank\" rel=\"noopener noreferrer\">Img link</a>", "FotoOutlet": "<a href=\"https://drive.google.com/file/d/1n16gL3h2EJXHSgQ13jDNebuQWzkrq9-A/view?usp=drivesdk\" target=\"_blank\" rel=\"noopener noreferrer\">Img link</a>", "FotoOther": "-", "LastCheck": -3, "Prioritas": "PRIORITAS 1", "LastCheckGroup": "7 hari"}}, {"type": "Feature", "geometry": {"type": "Point", "coordinates": [115.565228, -2.200425]}, "properties": {"ID Culvert": "MTP.01", "Jumlah Line": 1, "Mitra Kerja Responsible": "SIS", "Tanggal Inspeksi": "2026-09-12 09:50:00", "RiskLevel": "Low", "FotoInlet": "<a href=\"https://drive.google.com/file/d/1WgXLsf4auJpLbupej0baWiEhxinViVfJ/view?usp=drivesdk\" target=\"_blank\" rel=\"noopener noreferrer\">Img link</a>", "FotoOutlet": "<a href=\"https://drive.google.com/file/d/1FlemAOoFGV6HkIIHcpVq94jQ85XfxBKY/view?usp=drivesdk\" target=\"_blank\" rel=\"noopener noreferrer\">Img link</a>", "FotoOther": "-", "LastCheck": -1, "Prioritas": "PRIORITAS 1", "LastCheckGroup": "7 hari"}}, {"type": "Feature", "geometry": {"type": "Point", "coordinates": [115.567946, -2.139749]}, "properties": {"ID Culvert": "SBG.07", "Jumlah Line": 1, "Mitra Kerja Responsible": "SIS", "Tanggal Inspeksi": "2026-07-10 11:38:00", "RiskLevel": "Medium", "FotoInlet": "<a href=\"https://drive.google.com/file/d/1aEZaa4q3_2N0y3cNB9E5CpH1O_tqvTJi/view?usp=drivesdk\" target=\"_blank\" rel=\"noopener noreferrer\">Img link</a>", "FotoOutlet": "<a href=\"https://drive.google.com/file/d/1DQzp1w6eSVnnO0-bcwotqO9zzyS_Xez5/view?usp=drivesdk\" target=\"_blank\" rel=\"noopener noreferrer\">Img link</a>", "FotoOther": "<a href=\"https://drive.google.com/file/d/1SZAvx8IWQVWEQOSKyLfJUiu7EOrPwAiA/view?usp=drivesdk\" target=\"_blank\" rel=\"noopener noreferrer\">Img link</a>", "LastCheck": -65, "Prioritas": "PRIORITAS 2", "LastCheckGroup": "Lebih dari 30 Hari"}}, {"type": "Feature", "geometry": {"type": "Point", "coordinates": [115.598807, -2.142916]}, "properties": {"ID Culvert": "SBG.10", "Jumlah Line": 1, "Mitra Kerja Responsible": "SIS", "Tanggal Inspeksi": "2026-09-10 08:44:00", "RiskLevel": "Medium", "FotoInlet": "<a href=\"https://drive.google.com/file/d/1gTJdjAJAVhSwkDtGDfaWrsXKMARLCoJ1/view?usp=drivesdk\" target=\"_blank\" rel=\"noopener noreferrer\">Img link</a>", "FotoOutlet": "<a href=\"https://drive.google.com/file/d/1GKUcTI5UqealV9vfZk0ILYTGfQieZWG8/view?usp=drivesdk\" target=\"_blank\" rel=\"noopener noreferrer\">Img link</a>", "FotoOther": "-", "LastCheck": -3, "Prioritas": "PRIORITAS 2", "LastCheckGroup": "7 hari"}}, {"type": "Feature", "geometry": {"type": "Point", "coordinates": [115.596986, -2.148097]}, "properties": {"ID Culvert": "SBG.12", "Jumlah Line": 1, "Mitra Kerja Responsible": "SIS", "Tanggal Inspeksi": "-", "RiskLevel": "No data", "FotoInlet": "-", "FotoOutlet": "-", "FotoOther": "-", "LastCheck": "No data", "Prioritas": "PRIORITAS 1", "LastCheckGroup": "No data"}}, {"type": "Feature", "geometry": {"type": "Point", "coordinates": [115.581308, -2.194923]}, "properties": {"ID Culvert": "BTG.04", "Jumlah Line": 1, "Mitra Kerja Responsible": "SIS", "Tanggal Inspeksi": "2026-08-31 07:53:00", "RiskLevel": "Low", "FotoInlet": "<a href=\"https://drive.google.com/file/d/1sOkQdHPTdoaQ8Fu8mlH0m7rdc75BL6sp/view?usp=drivesdk\" target=\"_blank\" rel=\"noopener noreferrer\">Img link</a>", "FotoOutlet": "<a href=\"https://drive.google.com/file/d/1eLsixIoqM4D5TpyvKVpYzV-5R_Hu_oo5/view?usp=drivesdk\" target=\"_blank\" rel=\"noopener noreferrer\">Img link</a>", "FotoOther": "-", "LastCheck": -13, "Prioritas": "PRIORITAS 2", "LastCheckGroup": "30 hari"}}, {"type": "Feature", "geometry": {"type": "Point", "coordinates": [115.567195, -2.155395]}, "properties": {"ID Culvert": "PLB.03", "Jumlah Line": 1, "Mitra Kerja Responsible": "SIS", "Tanggal Inspeksi": "2026-09-10 09:02:00", "RiskLevel": "Low", "FotoInlet": "<a href=\"https://drive.google.com/file/d/18et_y5MDA0un7wpFHNsg5-NiynxrgK-_/view?usp=drivesdk\" target=\"_blank\" rel=\"noopener noreferrer\">Img link</a>", "FotoOutlet": "<a href=\"https://drive.google.com/file/d/1_pvh6m2d_ArctfvKE5H-ziNKotVzlj-2/view?usp=drivesdk\" target=\"_blank\" rel=\"noopener noreferrer\">Img link</a>", "FotoOther": "-", "LastCheck": -3, "Prioritas": "PRIORITAS 2", "LastCheckGroup": "7 hari"}}, {"type": "Feature", "geometry": {"type": "Point", "coordinates": [115.566933, -2.155793]}, "properties": {"ID Culvert": "PLB.04", "Jumlah Line": 1, "Mitra Kerja Responsible": "SIS", "Tanggal Inspeksi": "2026-09-09 09:39:00", "RiskLevel": "Low", "FotoInlet": "<a href=\"https://drive.google.com/file/d/1MR_k_chinhnSleFR7KCZUcg7sBTeB_bC/view?usp=drivesdk\" target=\"_blank\" rel=\"noopener noreferrer\">Img link</a>", "FotoOutlet": "<a href=\"https://drive.google.com/file/d/1wD9x5cBstVgOFXgjLlkGUtkkaFpUfweg/view?usp=drivesdk\" target=\"_blank\" rel=\"noopener noreferrer\">Img link</a>", "FotoOther": "<a href=\"https://drive.google.com/file/d/1CbzztLBQ5Xnk7jJdHn3daVYwC0V68LXE/view?usp=drivesdk\" target=\"_blank\" rel=\"noopener noreferrer\">Img link</a>", "LastCheck": -4, "Prioritas": "PRIORITAS 2", "LastCheckGroup": "7 hari"}}, {"type": "Feature", "geometry": {"type": "Point", "coordinates": [115.56622, -2.159048]}, "properties": {"ID Culvert": "MDN.04", "Jumlah Line": 1, "Mitra Kerja Responsible": "SIS", "Tanggal Inspeksi": "2026-09-12 10:23:00", "RiskLevel": "Low", "FotoInlet": "<a href=\"https://drive.google.com/file/d/15Jr_k9OX7a9rpONQHfQteRS2WYN6pCmO/view?usp=drivesdk\" target=\"_blank\" rel=\"noopener noreferrer\">Img link</a>", "FotoOutlet": "<a href=\"https://drive.google.com/file/d/18P6_rcPxUcL4SQwzrLq16A3Boi8apBoV/view?usp=drivesdk\" target=\"_blank\" rel=\"noopener noreferrer\">Img link</a>", "FotoOther": "-", "LastCheck": -1, "Prioritas": "PRIORITAS 2", "LastCheckGroup": "7 hari"}}, {"type": "Feature", "geometry": {"type": "Point", "coordinates": [115.560926, -2.167599]}, "properties": {"ID Culvert": "JKT.06", "Jumlah Line": 1, "Mitra Kerja Responsible": "SIS", "Tanggal Inspeksi": "2026-09-09 09:28:00", "RiskLevel": "Low", "FotoInlet": "<a href=\"https://drive.google.com/file/d/1kk409lyN4T38VejLSIogq1P5ZA7vvLvq/view?usp=drivesdk\" target=\"_blank\" rel=\"noopener noreferrer\">Img link</a>", "FotoOutlet": "<a href=\"https://drive.google.com/file/d/1Rd7-WEuGd4U9fp4t8O0JhI3OB7P1u-O1/view?usp=drivesdk\" target=\"_blank\" rel=\"noopener noreferrer\">Img link</a>", "FotoOther": "<a href=\"https://drive.google.com/file/d/1VhgVUJ21MEvFVqsM--k6iQ1RGM4ZVw9e/view?usp=drivesdk\" target=\"_blank\" rel=\"noopener noreferrer\">Img link</a>", "LastCheck": -4, "Prioritas": "PRIORITAS 2", "LastCheckGroup": "7 hari"}}, {"type": "Feature", "geometry": {"type": "Point", "coordinates": [115.55057, -2.175584]}, "properties": {"ID Culvert": "MIA.01", "Jumlah Line": 1, "Mitra Kerja Responsible": "SIS", "Tanggal Inspeksi": "2026-08-02 20:46:00", "RiskLevel": "Medium", "FotoInlet": "<a href=\"https://drive.google.com/file/d/1lH-AbzurefOQhdfuMBa1qZ9NfAgR1bqo/view?usp=drivesdk\" target=\"_blank\" rel=\"noopener noreferrer\">Img link</a>", "FotoOutlet": "<a href=\"https://drive.google.com/file/d/1Z9x7Y0SjKdVLswb6HfHvvaCWyZMxRJkZ/view?usp=drivesdk\" target=\"_blank\" rel=\"noopener noreferrer\">Img link</a>", "FotoOther": "-", "LastCheck": -42, "Prioritas": "PRIORITAS 2", "LastCheckGroup": "Lebih dari 30 Hari"}}, {"type": "Feature", "geometry": {"type": "Point", "coordinates": [115.553294, -2.176057]}, "properties": {"ID Culvert": "MIA.02", "Jumlah Line": 1, "Mitra Kerja Responsible": "SIS", "Tanggal Inspeksi": "2026-08-02 20:53:00", "RiskLevel": "Medium", "FotoInlet": "<a href=\"https://drive.google.com/file/d/1PR4lWckYqPEWIwVBsMjJhakas4nXvPrD/view?usp=drivesdk\" target=\"_blank\" rel=\"noopener noreferrer\">Img link</a>", "FotoOutlet": "<a href=\"https://drive.google.com/file/d/12Vk4K7PpqhxO_An_LYzSRfJv12VIXc65/view?usp=drivesdk\" target=\"_blank\" rel=\"noopener noreferrer\">Img link</a>", "FotoOther": "-", "LastCheck": -42, "Prioritas": "PRIORITAS 2", "LastCheckGroup": "Lebih dari 30 Hari"}}, {"type": "Feature", "geometry": {"type": "Point", "coordinates": [115.549651, -2.178387]}, "properties": {"ID Culvert": "MIA.03", "Jumlah Line": 1, "Mitra Kerja Responsible": "SIS", "Tanggal Inspeksi": "2026-08-02 21:22:00", "RiskLevel": "Medium", "FotoInlet": "<a href=\"https://drive.google.com/file/d/1uPQykiE2mM6coWDDSc_v0NSV5eIguL_N/view?usp=drivesdk\" target=\"_blank\" rel=\"noopener noreferrer\">Img link</a>", "FotoOutlet": "<a href=\"https://drive.google.com/file/d/1S7W_3F-FclOlfxmCrfYuaqQsEN0xVRKv/view?usp=drivesdk\" target=\"_blank\" rel=\"noopener noreferrer\">Img link</a>", "FotoOther": "-", "LastCheck": -42, "Prioritas": "PRIORITAS 2", "LastCheckGroup": "Lebih dari 30 Hari"}}, {"type": "Feature", "geometry": {"type": "Point", "coordinates": [115.544845, -2.184035]}, "properties": {"ID Culvert": "MIA.04", "Jumlah Line": 3, "Mitra Kerja Responsible": "SIS", "Tanggal Inspeksi": "2026-08-02 21:26:00", "RiskLevel": "Medium", "FotoInlet": "<a href=\"https://drive.google.com/file/d/1aHmC0S-znL4jufPmVSddeHuRF7GEvCEp/view?usp=drivesdk\" target=\"_blank\" rel=\"noopener noreferrer\">Img link</a>", "FotoOutlet": "<a href=\"https://drive.google.com/file/d/16FBL4OOKS98SAxm6nJa2k7t3D1Ubldtd/view?usp=drivesdk\" target=\"_blank\" rel=\"noopener noreferrer\">Img link</a>", "FotoOther": "-", "LastCheck": -42, "Prioritas": "PRIORITAS 2", "LastCheckGroup": "Lebih dari 30 Hari"}}, {"type": "Feature", "geometry": {"type": "Point", "coordinates": [115.553687, -2.178337]}, "properties": {"ID Culvert": "MIA.05", "Jumlah Line": 1, "Mitra Kerja Responsible": "SIS", "Tanggal Inspeksi": "2026-08-02 21:29:00", "RiskLevel": "Medium", "FotoInlet": "<a href=\"https://drive.google.com/file/d/1OcK23tbf_wJ3plIauOd7P-t-ott8OK0F/view?usp=drivesdk\" target=\"_blank\" rel=\"noopener noreferrer\">Img link</a>", "FotoOutlet": "<a href=\"https://drive.google.com/file/d/1DiSGxx6YRAcJEqQp7hwIVul-CSHsOoKi/view?usp=drivesdk\" target=\"_blank\" rel=\"noopener noreferrer\">Img link</a>", "FotoOther": "-", "LastCheck": -42, "Prioritas": "PRIORITAS 2", "LastCheckGroup": "Lebih dari 30 Hari"}}, {"type": "Feature", "geometry": {"type": "Point", "coordinates": [115.556322, -2.177779]}, "properties": {"ID Culvert": "MIA.06", "Jumlah Line": 1, "Mitra Kerja Responsible": "SIS", "Tanggal Inspeksi": "2026-08-02 21:32:00", "RiskLevel": "Medium", "FotoInlet": "<a href=\"https://drive.google.com/file/d/1NaiF-_R4eYCVgXzVuXW4LVNbI-tuaLbx/view?usp=drivesdk\" target=\"_blank\" rel=\"noopener noreferrer\">Img link</a>", "FotoOutlet": "<a href=\"https://drive.google.com/file/d/1-vK0r0KGJPMsMx4mM96KyDoM9r60sw98/view?usp=drivesdk\" target=\"_blank\" rel=\"noopener noreferrer\">Img link</a>", "FotoOther": "-", "LastCheck": -42, "Prioritas": "PRIORITAS 2", "LastCheckGroup": "Lebih dari 30 Hari"}}, {"type": "Feature", "geometry": {"type": "Point", "coordinates": [115.56896, -2.141649]}, "properties": {"ID Culvert": "NIS.01", "Jumlah Line": 1, "Mitra Kerja Responsible": "SIS", "Tanggal Inspeksi": "2026-09-13 07:49:00", "RiskLevel": "Medium", "FotoInlet": "<a href=\"https://drive.google.com/file/d/10-5DRUqjJkEjZeKLYUHqEIdbvXl38PQq/view?usp=drivesdk\" target=\"_blank\" rel=\"noopener noreferrer\">Img link</a>", "FotoOutlet": "<a href=\"https://drive.google.com/file/d/1oABA7SQW0i2ByqZyu7T3XUcKcgqAVQIR/view?usp=drivesdk\" target=\"_blank\" rel=\"noopener noreferrer\">Img link</a>", "FotoOther": "-", "LastCheck": 0, "Prioritas": "PRIORITAS 1", "LastCheckGroup": "Hari ini"}}, {"type": "Feature", "geometry": {"type": "Point", "coordinates": [115.556953, -2.147824]}, "properties": {"ID Culvert": "NIS.02", "Jumlah Line": 1, "Mitra Kerja Responsible": "SIS", "Tanggal Inspeksi": "2026-09-02 10:50:00", "RiskLevel": "Low", "FotoInlet": "<a href=\"https://drive.google.com/file/d/12mlDKNLQgCRZQfHDVvup9iXjeeon9cnX/view?usp=drivesdk\" target=\"_blank\" rel=\"noopener noreferrer\">Img link</a>", "FotoOutlet": "<a href=\"https://drive.google.com/file/d/1evYz5S-km4rK23zrkEtQ0GSaAuePgNn9/view?usp=drivesdk\" target=\"_blank\" rel=\"noopener noreferrer\">Img link</a>", "FotoOther": "-", "LastCheck": -11, "Prioritas": "PRIORITAS 1", "LastCheckGroup": "30 hari"}}, {"type": "Feature", "geometry": {"type": "Point", "coordinates": [115.556962, -2.14796]}, "properties": {"ID Culvert": "NIS.03", "Jumlah Line": 1, "Mitra Kerja Responsible": "SIS", "Tanggal Inspeksi": "2026-08-29 13:20:00", "RiskLevel": "Low", "FotoInlet": "<a href=\"https://drive.google.com/file/d/17RUfULM---JDSAfvGJbPWF6BbMYpUGaG/view?usp=drivesdk\" target=\"_blank\" rel=\"noopener noreferrer\">Img link</a>", "FotoOutlet": "<a href=\"https://drive.google.com/file/d/1LpWBeJigyF-vU3wD_uN0ODrl9aw3uz20/view?usp=drivesdk\" target=\"_blank\" rel=\"noopener noreferrer\">Img link</a>", "FotoOther": "-", "LastCheck": -15, "Prioritas": "PRIORITAS 2", "LastCheckGroup": "30 hari"}}, {"type": "Feature", "geometry": {"type": "Point", "coordinates": [115.583627, -2.186532]}, "properties": {"ID Culvert": "PTK.03", "Jumlah Line": 1, "Mitra Kerja Responsible": "SIS", "Tanggal Inspeksi": "2026-04-03 07:55:00", "RiskLevel": "Medium", "FotoInlet": "<a href=\"https://drive.google.com/file/d/1KbRw67cg9Xr-6ZcGVyIZOcjiUxfG0zcG/view?usp=drivesdk\" target=\"_blank\" rel=\"noopener noreferrer\">Img link</a>", "FotoOutlet": "<a href=\"https://drive.google.com/file/d/1_ucn64bZmWghfNMmZpEdOTlDAzigSEQs/view?usp=drivesdk\" target=\"_blank\" rel=\"noopener noreferrer\">Img link</a>", "FotoOther": "<a href=\"https://drive.google.com/file/d/1_5Ww_Qrj9jcA0MBq2YiiF4pI3nrVWyhE/view?usp=drivesdk\" target=\"_blank\" rel=\"noopener noreferrer\">Img link</a>", "LastCheck": -163, "Prioritas": "PRIORITAS 2", "LastCheckGroup": "Lebih dari 30 Hari"}}, {"type": "Feature", "geometry": {"type": "Point", "coordinates": [115.583689, -2.184447]}, "properties": {"ID Culvert": "PTK.04", "Jumlah Line": 1, "Mitra Kerja Responsible": "SIS", "Tanggal Inspeksi": "-", "RiskLevel": "No data", "FotoInlet": "-", "FotoOutlet": "-", "FotoOther": "-", "LastCheck": "No data", "Prioritas": "PRIORITAS 1", "LastCheckGroup": "No data"}}, {"type": "Feature", "geometry": {"type": "Point", "coordinates": [115.578566, -2.195355]}, "properties": {"ID Culvert": "PLU.04", "Jumlah Line": 1, "Mitra Kerja Responsible": "SIS", "Tanggal Inspeksi": "-", "RiskLevel": "No data", "FotoInlet": "-", "FotoOutlet": "-", "FotoOther": "-", "LastCheck": "No data", "Prioritas": "PRIORITAS 1", "LastCheckGroup": "No data"}}, {"type": "Feature", "geometry": {"type": "Point", "coordinates": [115.576597, -2.195733]}, "properties": {"ID Culvert": "PLU.05", "Jumlah Line": 1, "Mitra Kerja Responsible": "SIS", "Tanggal Inspeksi": "-", "RiskLevel": "No data", "FotoInlet": "-", "FotoOutlet": "-", "FotoOther": "-", "LastCheck": "No data", "Prioritas": "PRIORITAS 1", "LastCheckGroup": "No data"}}, {"type": "Feature", "geometry": {"type": "Point", "coordinates": [115.569292, -2.200456]}, "properties": {"ID Culvert": "PLU.06", "Jumlah Line": 1, "Mitra Kerja Responsible": "SIS", "Tanggal Inspeksi": "-", "RiskLevel": "No data", "FotoInlet": "-", "FotoOutlet": "-", "FotoOther": "-", "LastCheck": "No data", "Prioritas": "PRIORITAS 1", "LastCheckGroup": "No data"}}, {"type": "Feature", "geometry": {"type": "Point", "coordinates": [115.565075, -2.200995]}, "properties": {"ID Culvert": "MLK.01", "Jumlah Line": 1, "Mitra Kerja Responsible": "SIS", "Tanggal Inspeksi": "2026-09-07 08:51:00", "RiskLevel": "Low", "FotoInlet": "<a href=\"https://drive.google.com/file/d/1u6H0_g1Wue0cDp6YKXG75ptSflu6y3qj/view?usp=drivesdk\" target=\"_blank\" rel=\"noopener noreferrer\">Img link</a>", "FotoOutlet": "<a href=\"https://drive.google.com/file/d/16NYzCk9RvumT5amSMWw0itb8XmbO1-R_/view?usp=drivesdk\" target=\"_blank\" rel=\"noopener noreferrer\">Img link</a>", "FotoOther": "-", "LastCheck": -6, "Prioritas": "PRIORITAS 2", "LastCheckGroup": "7 hari"}}, {"type": "Feature", "geometry": {"type": "Point", "coordinates": [115.564373, -2.201292]}, "properties": {"ID Culvert": "MLK.02", "Jumlah Line": 1, "Mitra Kerja Responsible": "SIS", "Tanggal Inspeksi": "2026-07-30 07:17:00", "RiskLevel": "Low", "FotoInlet": "<a href=\"https://drive.google.com/file/d/12xnBcszNArZD6HrHNCMooRV0NVQ_I9sS/view?usp=drivesdk\" target=\"_blank\" rel=\"noopener noreferrer\">Img link</a>", "FotoOutlet": "<a href=\"https://drive.google.com/file/d/1VMapD3oEhAiJB31CNHYmLSe20VFHwmE_/view?usp=drivesdk\" target=\"_blank\" rel=\"noopener noreferrer\">Img link</a>", "FotoOther": "-", "LastCheck": -45, "Prioritas": "PRIORITAS 1", "LastCheckGroup": "Lebih dari 30 Hari"}}, {"type": "Feature", "geometry": {"type": "Point", "coordinates": [115.554057, -2.205949]}, "properties": {"ID Culvert": "MLK.03", "Jumlah Line": 1, "Mitra Kerja Responsible": "SIS", "Tanggal Inspeksi": "-", "RiskLevel": "No data", "FotoInlet": "-", "FotoOutlet": "-", "FotoOther": "-", "LastCheck": "No data", "Prioritas": "PRIORITAS 1", "LastCheckGroup": "No data"}}, {"type": "Feature", "geometry": {"type": "Point", "coordinates": [115.508716, -2.217746]}, "properties": {"ID Culvert": "ALP_01", "Jumlah Line": 3, "Mitra Kerja Responsible": "BUMA", "Tanggal Inspeksi": "2026-09-09 14:35:00", "RiskLevel": "Critical", "FotoInlet": "<a href=\"https://drive.google.com/file/d/1VUFKvqn2Ym3o1sBvrzpGaLvi-5MnuGdY/view?usp=drivesdk\" target=\"_blank\" rel=\"noopener noreferrer\">Img link</a>", "FotoOutlet": "<a href=\"https://drive.google.com/file/d/1PMspf-vYMoajRnMZH3a4vGP4iQdv-DwU/view?usp=drivesdk\" target=\"_blank\" rel=\"noopener noreferrer\">Img link</a>", "FotoOther": "<a href=\"https://drive.google.com/file/d/107psDEyjPnMkJrPXWuoU-jLeCAyJiZAy/view?usp=drivesdk\" target=\"_blank\" rel=\"noopener noreferrer\">Img link</a>", "LastCheck": -4, "Prioritas": "PRIORITAS 2", "LastCheckGroup": "7 hari"}}, {"type": "Feature", "geometry": {"type": "Point", "coordinates": [115.509365, -2.233046]}, "properties": {"ID Culvert": "ASF_01", "Jumlah Line": 1, "Mitra Kerja Responsible": "BUMA", "Tanggal Inspeksi": "2026-01-27 15:21:00", "RiskLevel": "Medium", "FotoInlet": "<a href=\"https://drive.google.com/file/d/1f6xHHkSYMB319Luvkt9dKPwg4pOK-P-1/view?usp=drivesdk\" target=\"_blank\" rel=\"noopener noreferrer\">Img link</a>", "FotoOutlet": "<a href=\"https://drive.google.com/file/d/1bf9aUcMJP5Qcrq0Jw5irzKniWZcn0PMw/view?usp=drivesdk\" target=\"_blank\" rel=\"noopener noreferrer\">Img link</a>", "FotoOther": "<a href=\"https://drive.google.com/file/d/1LJ8eola1VJdKDj80AD1LUtEcxlUNtSwB/view?usp=drivesdk\" target=\"_blank\" rel=\"noopener noreferrer\">Img link</a>", "LastCheck": -229, "Prioritas": "PRIORITAS 2", "LastCheckGroup": "Lebih dari 30 Hari"}}, {"type": "Feature", "geometry": {"type": "Point", "coordinates": [115.508066, -2.234404]}, "properties": {"ID Culvert": "ASF_02", "Jumlah Line": 1, "Mitra Kerja Responsible": "BUMA", "Tanggal Inspeksi": "2026-09-11 09:08:00", "RiskLevel": "Low", "FotoInlet": "<a href=\"https://drive.google.com/file/d/1iRUhM4SSYDZ5-gTDbymFzwk-bh4zc4s9/view?usp=drivesdk\" target=\"_blank\" rel=\"noopener noreferrer\">Img link</a>", "FotoOutlet": "<a href=\"https://drive.google.com/file/d/1avIQ2yfS9teQkuTNtvfwWpXTdmd_0vsh/view?usp=drivesdk\" target=\"_blank\" rel=\"noopener noreferrer\">Img link</a>", "FotoOther": "<a href=\"https://drive.google.com/file/d/1ZxHqD7bl_x6QyRN6Q8QeO2m3WitITdXu/view?usp=drivesdk\" target=\"_blank\" rel=\"noopener noreferrer\">Img link</a>", "LastCheck": -2, "Prioritas": "PRIORITAS 2", "LastCheckGroup": "7 hari"}}, {"type": "Feature", "geometry": {"type": "Point", "coordinates": [115.503228, -2.225352]}, "properties": {"ID Culvert": "AST_01", "Jumlah Line": 9, "Mitra Kerja Responsible": "BUMA", "Tanggal Inspeksi": "2026-09-08 07:35:00", "RiskLevel": "Low", "FotoInlet": "<a href=\"https://drive.google.com/file/d/1LT_5aOlCca3dHcn8KANy1cn1kC6_B1SI/view?usp=drivesdk\" target=\"_blank\" rel=\"noopener noreferrer\">Img link</a>", "FotoOutlet": "<a href=\"https://drive.google.com/file/d/1wffW7AmMkxVNovgQXzcs68qG5UZRSWXw/view?usp=drivesdk\" target=\"_blank\" rel=\"noopener noreferrer\">Img link</a>", "FotoOther": "<a href=\"https://drive.google.com/file/d/17Cx9f7c0yD1VJ1MebPL2K6VADeRqAbue/view?usp=drivesdk\" target=\"_blank\" rel=\"noopener noreferrer\">Img link</a>", "LastCheck": -5, "Prioritas": "PRIORITAS 2", "LastCheckGroup": "7 hari"}}, {"type": "Feature", "geometry": {"type": "Point", "coordinates": [115.499588, -2.232514]}, "properties": {"ID Culvert": "AST_02", "Jumlah Line": 12, "Mitra Kerja Responsible": "BUMA", "Tanggal Inspeksi": "2026-09-08 03:21:00", "RiskLevel": "Medium", "FotoInlet": "<a href=\"https://drive.google.com/file/d/1d50rTTVh2ail8mzPm4dxHYdtKGOOX1Ru/view?usp=drivesdk\" target=\"_blank\" rel=\"noopener noreferrer\">Img link</a>", "FotoOutlet": "<a href=\"https://drive.google.com/file/d/16v1qpuZQ_zqI4j75IVzpw7PBIDXVNRv8/view?usp=drivesdk\" target=\"_blank\" rel=\"noopener noreferrer\">Img link</a>", "FotoOther": "-", "LastCheck": -5, "Prioritas": "PRIORITAS 2", "LastCheckGroup": "7 hari"}}, {"type": "Feature", "geometry": {"type": "Point", "coordinates": [115.503107, -2.229356]}, "properties": {"ID Culvert": "AST_03", "Jumlah Line": 1, "Mitra Kerja Responsible": "BUMA", "Tanggal Inspeksi": "2026-08-28 16:00:00", "RiskLevel": "Low", "FotoInlet": "<a href=\"https://drive.google.com/file/d/1Cu6p-oOZZDsnJb0EBPejV7GTCU7z9kGp/view?usp=drivesdk\" target=\"_blank\" rel=\"noopener noreferrer\">Img link</a>", "FotoOutlet": "<a href=\"https://drive.google.com/file/d/1YQgyZ9cyHb4YU45Cs30JXrucnwbCnzG1/view?usp=drivesdk\" target=\"_blank\" rel=\"noopener noreferrer\">Img link</a>", "FotoOther": "<a href=\"https://drive.google.com/file/d/12yYA73vuFjLCxnhs1qxYQSpn3-APts-_/view?usp=drivesdk\" target=\"_blank\" rel=\"noopener noreferrer\">Img link</a>", "LastCheck": -16, "Prioritas": "PRIORITAS 2", "LastCheckGroup": "30 hari"}}, {"type": "Feature", "geometry": {"type": "Point", "coordinates": [115.498499, -2.229589]}, "properties": {"ID Culvert": "BRI_01", "Jumlah Line": 1, "Mitra Kerja Responsible": "BUMA", "Tanggal Inspeksi": "2026-08-28 04:35:00", "RiskLevel": "Low", "FotoInlet": "<a href=\"https://drive.google.com/file/d/1o_sHK21bKh3omOMlQ81o_UG1QkQEaIxu/view?usp=drivesdk\" target=\"_blank\" rel=\"noopener noreferrer\">Img link</a>", "FotoOutlet": "<a href=\"https://drive.google.com/file/d/15DBIwPqyprQw-AK53pGUtNBMZlWhfTLT/view?usp=drivesdk\" target=\"_blank\" rel=\"noopener noreferrer\">Img link</a>", "FotoOther": "<a href=\"https://drive.google.com/file/d/1pSTRPjgK1j_Nvs7W4BIm4bgzF1ctzGmv/view?usp=drivesdk\" target=\"_blank\" rel=\"noopener noreferrer\">Img link</a>", "LastCheck": -16, "Prioritas": "PRIORITAS 2", "LastCheckGroup": "30 hari"}}, {"type": "Feature", "geometry": {"type": "Point", "coordinates": [115.500608, -2.224871]}, "properties": {"ID Culvert": "BRI_02", "Jumlah Line": 1, "Mitra Kerja Responsible": "BUMA", "Tanggal Inspeksi": "-", "RiskLevel": "No data", "FotoInlet": "-", "FotoOutlet": "-", "FotoOther": "-", "LastCheck": "No data", "Prioritas": "PRIORITAS 2", "LastCheckGroup": "No data"}}, {"type": "Feature", "geometry": {"type": "Point", "coordinates": [115.527527, -2.194441]}, "properties": {"ID Culvert": "BUT_01", "Jumlah Line": 5, "Mitra Kerja Responsible": "BUMA", "Tanggal Inspeksi": "2026-08-25 12:19:00", "RiskLevel": "Low", "FotoInlet": "<a href=\"https://drive.google.com/file/d/1e44wO2v5kM7r05vSWJRdPjWvZFk0QE4J/view?usp=drivesdk\" target=\"_blank\" rel=\"noopener noreferrer\">Img link</a>", "FotoOutlet": "<a href=\"https://drive.google.com/file/d/1SwYPgJZWmjo-Me_77JudXQ_Iq6sGDIZE/view?usp=drivesdk\" target=\"_blank\" rel=\"noopener noreferrer\">Img link</a>", "FotoOther": "<a href=\"https://drive.google.com/file/d/1H-xaL1PaXqieTVNlBFWBBZKkUeCK4mmm/view?usp=drivesdk\" target=\"_blank\" rel=\"noopener noreferrer\">Img link</a>", "LastCheck": -19, "Prioritas": "PRIORITAS 2", "LastCheckGroup": "30 hari"}}, {"type": "Feature", "geometry": {"type": "Point", "coordinates": [115.520685, -2.21035]}, "properties": {"ID Culvert": "CAD_01", "Jumlah Line": 2, "Mitra Kerja Responsible": "BUMA", "Tanggal Inspeksi": "2026-08-25 14:59:00", "RiskLevel": "Medium", "FotoInlet": "<a href=\"https://drive.google.com/file/d/1RWTfDeae_lLkD8Mk_hoWNwFQIHGTdyGx/view?usp=drivesdk\" target=\"_blank\" rel=\"noopener noreferrer\">Img link</a>", "FotoOutlet": "<a href=\"https://drive.google.com/file/d/1eKvDEtPZ-hBg8tA5aSA9Rm1qv7kqoOJW/view?usp=drivesdk\" target=\"_blank\" rel=\"noopener noreferrer\">Img link</a>", "FotoOther": "-", "LastCheck": -19, "Prioritas": "PRIORITAS 2", "LastCheckGroup": "30 hari"}}, {"type": "Feature", "geometry": {"type": "Point", "coordinates": [115.50855, -2.20375]}, "properties": {"ID Culvert": "EDA_01", "Jumlah Line": 7, "Mitra Kerja Responsible": "BUMA", "Tanggal Inspeksi": "2026-09-07 10:55:00", "RiskLevel": "Low", "FotoInlet": "<a href=\"https://drive.google.com/file/d/1-zGjr6lawiMhghpFQYbLdzngJ8ZjVvRK/view?usp=drivesdk\" target=\"_blank\" rel=\"noopener noreferrer\">Img link</a>", "FotoOutlet": "<a href=\"https://drive.google.com/file/d/1z7yNIgM1gjlSFkYVHG1fwZAcC5OyXT8t/view?usp=drivesdk\" target=\"_blank\" rel=\"noopener noreferrer\">Img link</a>", "FotoOther": "<a href=\"https://drive.google.com/file/d/1aLfhlyiE7Z7qN93JWcak3jHRwxD6fbJe/view?usp=drivesdk\" target=\"_blank\" rel=\"noopener noreferrer\">Img link</a>", "LastCheck": -6, "Prioritas": "PRIORITAS 2", "LastCheckGroup": "7 hari"}}, {"type": "Feature", "geometry": {"type": "Point", "coordinates": [115.512897, -2.202759]}, "properties": {"ID Culvert": "ENG_01", "Jumlah Line": 12, "Mitra Kerja Responsible": "BUMA", "Tanggal Inspeksi": "2026-09-08 03:08:00", "RiskLevel": "Low", "FotoInlet": "<a href=\"https://drive.google.com/file/d/1ZPziWdLlK_5k_xL9Gemfx0BQwntCDVLz/view?usp=drivesdk\" target=\"_blank\" rel=\"noopener noreferrer\">Img link</a>", "FotoOutlet": "<a href=\"https://drive.google.com/file/d/1mQJlpkNNndLNPEcYlp0gfoaUCPEuP90w/view?usp=drivesdk\" target=\"_blank\" rel=\"noopener noreferrer\">Img link</a>", "FotoOther": "<a href=\"https://drive.google.com/file/d/1cil66bQemtDERKaUcll95-DdpWJAP-k4/view?usp=drivesdk\" target=\"_blank\" rel=\"noopener noreferrer\">Img link</a>", "LastCheck": -5, "Prioritas": "PRIORITAS 1", "LastCheckGroup": "7 hari"}}, {"type": "Feature", "geometry": {"type": "Point", "coordinates": [115.494389, -2.220586]}, "properties": {"ID Culvert": "EXP_01", "Jumlah Line": 7, "Mitra Kerja Responsible": "BUMA", "Tanggal Inspeksi": "2026-09-08 09:44:00", "RiskLevel": "Medium", "FotoInlet": "<a href=\"https://drive.google.com/file/d/15WhHUG7x-XZSIZg91ojxR2RAhUAr_Z3I/view?usp=drivesdk\" target=\"_blank\" rel=\"noopener noreferrer\">Img link</a>", "FotoOutlet": "<a href=\"https://drive.google.com/file/d/1MjFnEb8k239nppwGyPlNu2zn_Y4I6WZw/view?usp=drivesdk\" target=\"_blank\" rel=\"noopener noreferrer\">Img link</a>", "FotoOther": "-", "LastCheck": -5, "Prioritas": "PRIORITAS 2", "LastCheckGroup": "7 hari"}}, {"type": "Feature", "geometry": {"type": "Point", "coordinates": [115.492429, -2.222357]}, "properties": {"ID Culvert": "EXP_06", "Jumlah Line": 1, "Mitra Kerja Responsible": "BUMA", "Tanggal Inspeksi": "-", "RiskLevel": "No data", "FotoInlet": "-", "FotoOutlet": "-", "FotoOther": "-", "LastCheck": "No data", "Prioritas": "PRIORITAS 2", "LastCheckGroup": "No data"}}, {"type": "Feature", "geometry": {"type": "Point", "coordinates": [115.504499, -2.235103]}, "properties": {"ID Culvert": "FER_02", "Jumlah Line": 1, "Mitra Kerja Responsible": "BUMA", "Tanggal Inspeksi": "2026-09-03 04:52:00", "RiskLevel": "Low", "FotoInlet": "<a href=\"https://drive.google.com/file/d/11bl8aRAxrXjy20gU3R7U7oMAyQApiyot/view?usp=drivesdk\" target=\"_blank\" rel=\"noopener noreferrer\">Img link</a>", "FotoOutlet": "<a href=\"https://drive.google.com/file/d/1fRqI2URG0MmBadkpIqz8Xcb4CYrnCgq0/view?usp=drivesdk\" target=\"_blank\" rel=\"noopener noreferrer\">Img link</a>", "FotoOther": "<a href=\"https://drive.google.com/file/d/1USGkSVNYXYHQgLZaLLTnw53Ds0Y7gnSw/view?usp=drivesdk\" target=\"_blank\" rel=\"noopener noreferrer\">Img link</a>", "LastCheck": -10, "Prioritas": "PRIORITAS 2", "LastCheckGroup": "30 hari"}}, {"type": "Feature", "geometry": {"type": "Point", "coordinates": [115.505936, -2.224131]}, "properties": {"ID Culvert": "FOR_01", "Jumlah Line": 8, "Mitra Kerja Responsible": "BUMA", "Tanggal Inspeksi": "2026-09-07 20:56:00", "RiskLevel": "Low", "FotoInlet": "<a href=\"https://drive.google.com/file/d/1_pUM-2tRI6SQqnq39-KEa95Fj6M2idHG/view?usp=drivesdk\" target=\"_blank\" rel=\"noopener noreferrer\">Img link</a>", "FotoOutlet": "<a href=\"https://drive.google.com/file/d/1-l3geDDf8DWwmbfTPQKuegZmV6i9200l/view?usp=drivesdk\" target=\"_blank\" rel=\"noopener noreferrer\">Img link</a>", "FotoOther": "<a href=\"https://drive.google.com/file/d/1Iuphqd5gYpn4XOjFSMgSFXaRz0qqjFoi/view?usp=drivesdk\" target=\"_blank\" rel=\"noopener noreferrer\">Img link</a>", "LastCheck": -6, "Prioritas": "PRIORITAS 2", "LastCheckGroup": "7 hari"}}, {"type": "Feature", "geometry": {"type": "Point", "coordinates": [115.496458, -2.245736]}, "properties": {"ID Culvert": "GEO_01", "Jumlah Line": 2, "Mitra Kerja Responsible": "BUMA", "Tanggal Inspeksi": "2026-08-25 18:13:00", "RiskLevel": "Medium", "FotoInlet": "<a href=\"https://drive.google.com/file/d/1YkwhMuT4dDbz0JItjqOo1dzqumyJ4O8w/view?usp=drivesdk\" target=\"_blank\" rel=\"noopener noreferrer\">Img link</a>", "FotoOutlet": "<a href=\"https://drive.google.com/file/d/158TQMROP7LduRYKSb2Y5qFdQ_xKNG_IA/view?usp=drivesdk\" target=\"_blank\" rel=\"noopener noreferrer\">Img link</a>", "FotoOther": "<a href=\"https://drive.google.com/file/d/14zXG5rk9F6WZKflNaYQIyMV4uQp11Cwb/view?usp=drivesdk\" target=\"_blank\" rel=\"noopener noreferrer\">Img link</a>", "LastCheck": -19, "Prioritas": "PRIORITAS 2", "LastCheckGroup": "30 hari"}}, {"type": "Feature", "geometry": {"type": "Point", "coordinates": [115.483824, -2.223388]}, "properties": {"ID Culvert": "HAL_02", "Jumlah Line": 2, "Mitra Kerja Responsible": "BUMA", "Tanggal Inspeksi": "2026-08-27 13:44:00", "RiskLevel": "Medium", "FotoInlet": "<a href=\"https://drive.google.com/file/d/1VzdIOHf0WqXOkXhZqFHvZG-a2bazPdgE/view?usp=drivesdk\" target=\"_blank\" rel=\"noopener noreferrer\">Img link</a>", "FotoOutlet": "<a href=\"https://drive.google.com/file/d/1KVfnklH5-CX1PUW93rTaJbL25tqUXGza/view?usp=drivesdk\" target=\"_blank\" rel=\"noopener noreferrer\">Img link</a>", "FotoOther": "-", "LastCheck": -17, "Prioritas": "PRIORITAS 2", "LastCheckGroup": "30 hari"}}, {"type": "Feature", "geometry": {"type": "Point", "coordinates": [115.485444, -2.213242]}, "properties": {"ID Culvert": "HAL_04", "Jumlah Line": 1, "Mitra Kerja Responsible": "BUMA", "Tanggal Inspeksi": "2026-09-09 18:17:00", "RiskLevel": "Low", "FotoInlet": "<a href=\"https://drive.google.com/file/d/1ObjFmDP9gpxYIDS38cAG2swtXRgZcT8X/view?usp=drivesdk\" target=\"_blank\" rel=\"noopener noreferrer\">Img link</a>", "FotoOutlet": "<a href=\"https://drive.google.com/file/d/1Buqf2_IOEAZx-LQ4PfitpNi7NqgJscGP/view?usp=drivesdk\" target=\"_blank\" rel=\"noopener noreferrer\">Img link</a>", "FotoOther": "<a href=\"https://drive.google.com/file/d/1PcuqmR4GUT1bnIXRCwX7SBXTS0CMy7Zb/view?usp=drivesdk\" target=\"_blank\" rel=\"noopener noreferrer\">Img link</a>", "LastCheck": -4, "Prioritas": "PRIORITAS 2", "LastCheckGroup": "7 hari"}}, {"type": "Feature", "geometry": {"type": "Point", "coordinates": [115.50928, -2.228434]}, "properties": {"ID Culvert": "HRS_01", "Jumlah Line": 1, "Mitra Kerja Responsible": "BUMA", "Tanggal Inspeksi": "2026-03-29 13:58:00", "RiskLevel": "Low", "FotoInlet": "<a href=\"https://drive.google.com/file/d/1we_YuQd2-aFjyZAfOnvBlhQv2oZumUtw/view?usp=drivesdk\" target=\"_blank\" rel=\"noopener noreferrer\">Img link</a>", "FotoOutlet": "<a href=\"https://drive.google.com/file/d/1YXQIV3qHf9ydw5o1NU5o4P4etb2GLWE3/view?usp=drivesdk\" target=\"_blank\" rel=\"noopener noreferrer\">Img link</a>", "FotoOther": "-", "LastCheck": -168, "Prioritas": "PRIORITAS 2", "LastCheckGroup": "Lebih dari 30 Hari"}}, {"type": "Feature", "geometry": {"type": "Point", "coordinates": [115.494836, -2.238313]}, "properties": {"ID Culvert": "HUM_01", "Jumlah Line": 12, "Mitra Kerja Responsible": "BUMA", "Tanggal Inspeksi": "2026-09-07 21:16:00", "RiskLevel": "Low", "FotoInlet": "<a href=\"https://drive.google.com/file/d/1o4Q0zGPcl1fVHskHh1oJB0YrsjbcvVbZ/view?usp=drivesdk\" target=\"_blank\" rel=\"noopener noreferrer\">Img link</a>", "FotoOutlet": "<a href=\"https://drive.google.com/file/d/1E2wa6VtULhqz257Hgf--l6z37G5_Zlf9/view?usp=drivesdk\" target=\"_blank\" rel=\"noopener noreferrer\">Img link</a>", "FotoOther": "<a href=\"https://drive.google.com/file/d/1zDOeyeO8Nm_czlkntVPy0YAWWjvF5Bef/view?usp=drivesdk\" target=\"_blank\" rel=\"noopener noreferrer\">Img link</a>", "LastCheck": -6, "Prioritas": "PRIORITAS 2", "LastCheckGroup": "7 hari"}}, {"type": "Feature", "geometry": {"type": "Point", "coordinates": [115.49638, -2.233856]}, "properties": {"ID Culvert": "HUM_02", "Jumlah Line": 1, "Mitra Kerja Responsible": "BUMA", "Tanggal Inspeksi": "2026-09-07 19:31:00", "RiskLevel": "Low", "FotoInlet": "<a href=\"https://drive.google.com/file/d/1KHBSfsItRqNC7ZmtiAgOAwy8nQwLfYwN/view?usp=drivesdk\" target=\"_blank\" rel=\"noopener noreferrer\">Img link</a>", "FotoOutlet": "<a href=\"https://drive.google.com/file/d/1kceOGrGhoRNVonIpr4HO4kC6PP_XGVOt/view?usp=drivesdk\" target=\"_blank\" rel=\"noopener noreferrer\">Img link</a>", "FotoOther": "-", "LastCheck": -6, "Prioritas": "PRIORITAS 2", "LastCheckGroup": "7 hari"}}, {"type": "Feature", "geometry": {"type": "Point", "coordinates": [115.495895, -2.209385]}, "properties": {"ID Culvert": "IRI_01", "Jumlah Line": 1, "Mitra Kerja Responsible": "BUMA", "Tanggal Inspeksi": "2026-08-28 09:19:00", "RiskLevel": "Low", "FotoInlet": "<a href=\"https://drive.google.com/file/d/1Ud31OX7BF1IDLS05dxsSaalujoPN7227/view?usp=drivesdk\" target=\"_blank\" rel=\"noopener noreferrer\">Img link</a>", "FotoOutlet": "<a href=\"https://drive.google.com/file/d/1aXaB7m73IZHrrW1BrJulTYofqvfbVUH7/view?usp=drivesdk\" target=\"_blank\" rel=\"noopener noreferrer\">Img link</a>", "FotoOther": "<a href=\"https://drive.google.com/file/d/1OiUaBY8RkpLMbmnjiZtnrNU36cv1vRtL/view?usp=drivesdk\" target=\"_blank\" rel=\"noopener noreferrer\">Img link</a>", "LastCheck": -16, "Prioritas": "PRIORITAS 1", "LastCheckGroup": "30 hari"}}, {"type": "Feature", "geometry": {"type": "Point", "coordinates": [115.513104, -2.227581]}, "properties": {"ID Culvert": "ISU_02", "Jumlah Line": 1, "Mitra Kerja Responsible": "BUMA", "Tanggal Inspeksi": "2026-09-08 13:37:00", "RiskLevel": "High", "FotoInlet": "<a href=\"https://drive.google.com/file/d/1YZnurR6Fo-htI3nkP00a7pI3B-BAXP6x/view?usp=drivesdk\" target=\"_blank\" rel=\"noopener noreferrer\">Img link</a>", "FotoOutlet": "<a href=\"https://drive.google.com/file/d/1N-HvZIqc_sJQg2ZfjfvSizh5x1OePksM/view?usp=drivesdk\" target=\"_blank\" rel=\"noopener noreferrer\">Img link</a>", "FotoOther": "-", "LastCheck": -5, "Prioritas": "PRIORITAS 2", "LastCheckGroup": "7 hari"}}, {"type": "Feature", "geometry": {"type": "Point", "coordinates": [115.513798, -2.228349]}, "properties": {"ID Culvert": "ISU_03", "Jumlah Line": 2, "Mitra Kerja Responsible": "BUMA", "Tanggal Inspeksi": "2026-09-08 23:10:00", "RiskLevel": "Medium", "FotoInlet": "<a href=\"https://drive.google.com/file/d/1A4xuRrd-PZCtW78XUcTZhodOLfiRshrh/view?usp=drivesdk\" target=\"_blank\" rel=\"noopener noreferrer\">Img link</a>", "FotoOutlet": "<a href=\"https://drive.google.com/file/d/1C3v0iUTcSv63Du4VSdfwp_p3Omv5doL8/view?usp=drivesdk\" target=\"_blank\" rel=\"noopener noreferrer\">Img link</a>", "FotoOther": "<a href=\"https://drive.google.com/file/d/1rsLqTCWN6g5jZ3E6kJshUOZBIccpSKSu/view?usp=drivesdk\" target=\"_blank\" rel=\"noopener noreferrer\">Img link</a>", "LastCheck": -5, "Prioritas": "PRIORITAS 2", "LastCheckGroup": "7 hari"}}, {"type": "Feature", "geometry": {"type": "Point", "coordinates": [115.511715, -2.272227]}, "properties": {"ID Culvert": "JAG_01", "Jumlah Line": 1, "Mitra Kerja Responsible": "BUMA", "Tanggal Inspeksi": "2026-09-07 20:07:00", "RiskLevel": "Critical", "FotoInlet": "<a href=\"https://drive.google.com/file/d/1t9yGhuzkYJsbIFsUq1nGeQJFrDO7_J4e/view?usp=drivesdk\" target=\"_blank\" rel=\"noopener noreferrer\">Img link</a>", "FotoOutlet": "<a href=\"https://drive.google.com/file/d/1-USsWgiUrx8NWj_UhddFjk8CZl6jyhdF/view?usp=drivesdk\" target=\"_blank\" rel=\"noopener noreferrer\">Img link</a>", "FotoOther": "-", "LastCheck": -6, "Prioritas": "PRIORITAS 2", "LastCheckGroup": "7 hari"}}, {"type": "Feature", "geometry": {"type": "Point", "coordinates": [115.472984, -2.23598]}, "properties": {"ID Culvert": "KAL_02", "Jumlah Line": 2, "Mitra Kerja Responsible": "BUMA", "Tanggal Inspeksi": "2026-08-29 14:06:00", "RiskLevel": "Medium", "FotoInlet": "<a href=\"https://drive.google.com/file/d/1avZFxh4WB8XwcJBerGKBtlbOW7M1hcqW/view?usp=drivesdk\" target=\"_blank\" rel=\"noopener noreferrer\">Img link</a>", "FotoOutlet": "<a href=\"https://drive.google.com/file/d/1B6iPNs7Iko3bcWljTrMYxWYYtRA-dCHK/view?usp=drivesdk\" target=\"_blank\" rel=\"noopener noreferrer\">Img link</a>", "FotoOther": "<a href=\"https://drive.google.com/file/d/14JBI1szMp5SOQgGcxJxRcIP7L5B5tcb4/view?usp=drivesdk\" target=\"_blank\" rel=\"noopener noreferrer\">Img link</a>", "LastCheck": -15, "Prioritas": "PRIORITAS 2", "LastCheckGroup": "30 hari"}}, {"type": "Feature", "geometry": {"type": "Point", "coordinates": [115.485992, -2.240185]}, "properties": {"ID Culvert": "KAT_03", "Jumlah Line": 1, "Mitra Kerja Responsible": "BUMA", "Tanggal Inspeksi": "-", "RiskLevel": "No data", "FotoInlet": "-", "FotoOutlet": "-", "FotoOther": "-", "LastCheck": "No data", "Prioritas": "PRIORITAS 2", "LastCheckGroup": "No data"}}, {"type": "Feature", "geometry": {"type": "Point", "coordinates": [115.509893, -2.196514]}, "properties": {"ID Culvert": "KOM_01", "Jumlah Line": 1, "Mitra Kerja Responsible": "BUMA", "Tanggal Inspeksi": "2026-09-08 18:51:00", "RiskLevel": "Low", "FotoInlet": "<a href=\"https://drive.google.com/file/d/14_Ne2DJtHoMqa1Fu_V9khl9_JGxsRJNx/view?usp=drivesdk\" target=\"_blank\" rel=\"noopener noreferrer\">Img link</a>", "FotoOutlet": "<a href=\"https://drive.google.com/file/d/1MZVsrWZGHwA7l5GlAYncIko98ZKOfSIz/view?usp=drivesdk\" target=\"_blank\" rel=\"noopener noreferrer\">Img link</a>", "FotoOther": "<a href=\"https://drive.google.com/file/d/1CJ1XwEt35kupyLAtYc5IlXSbNtABIKbf/view?usp=drivesdk\" target=\"_blank\" rel=\"noopener noreferrer\">Img link</a>", "LastCheck": -5, "Prioritas": "PRIORITAS 2", "LastCheckGroup": "7 hari"}}, {"type": "Feature", "geometry": {"type": "Point", "coordinates": [115.502613, -2.206414]}, "properties": {"ID Culvert": "LAB_01", "Jumlah Line": 1, "Mitra Kerja Responsible": "BUMA", "Tanggal Inspeksi": "2026-09-08 04:14:00", "RiskLevel": "Medium", "FotoInlet": "<a href=\"https://drive.google.com/file/d/1tKe82tGbaT7qkkbNsN_z7-I0dLCHDA3B/view?usp=drivesdk\" target=\"_blank\" rel=\"noopener noreferrer\">Img link</a>", "FotoOutlet": "<a href=\"https://drive.google.com/file/d/1la56TJfXPUlAP4izM7NU-rm9UVi7WZEh/view?usp=drivesdk\" target=\"_blank\" rel=\"noopener noreferrer\">Img link</a>", "FotoOther": "<a href=\"https://drive.google.com/file/d/1_FQGBwRYjW_wbRcEBTl2Q1GEj2rac9NH/view?usp=drivesdk\" target=\"_blank\" rel=\"noopener noreferrer\">Img link</a>", "LastCheck": -5, "Prioritas": "PRIORITAS 2", "LastCheckGroup": "7 hari"}}, {"type": "Feature", "geometry": {"type": "Point", "coordinates": [115.511253, -2.258781]}, "properties": {"ID Culvert": "LAM_01", "Jumlah Line": 1, "Mitra Kerja Responsible": "BUMA", "Tanggal Inspeksi": "2026-08-28 18:00:00", "RiskLevel": "Medium", "FotoInlet": "<a href=\"https://drive.google.com/file/d/1ZCwCyYBhiJATJYvhMzjkT-FoE8lJ33MX/view?usp=drivesdk\" target=\"_blank\" rel=\"noopener noreferrer\">Img link</a>", "FotoOutlet": "<a href=\"https://drive.google.com/file/d/1Wjue0rV8xjjmCxNuMpYOR3y67LCqnlh-/view?usp=drivesdk\" target=\"_blank\" rel=\"noopener noreferrer\">Img link</a>", "FotoOther": "<a href=\"https://drive.google.com/file/d/1f93Sd7VACGshJj3cUSshCSK51S7FhpI9/view?usp=drivesdk\" target=\"_blank\" rel=\"noopener noreferrer\">Img link</a>", "LastCheck": -16, "Prioritas": "PRIORITAS 2", "LastCheckGroup": "30 hari"}}, {"type": "Feature", "geometry": {"type": "Point", "coordinates": [115.500994, -2.260161]}, "properties": {"ID Culvert": "LAM_02", "Jumlah Line": 3, "Mitra Kerja Responsible": "BUMA", "Tanggal Inspeksi": "2026-09-08 05:12:00", "RiskLevel": "Medium", "FotoInlet": "<a href=\"https://drive.google.com/file/d/18kBM-FVGEtfV0x0OoVKBJS7wVgoVHNFU/view?usp=drivesdk\" target=\"_blank\" rel=\"noopener noreferrer\">Img link</a>", "FotoOutlet": "<a href=\"https://drive.google.com/file/d/10kwXDUn89_Ziu1FQump16Eg6yaNOEpFK/view?usp=drivesdk\" target=\"_blank\" rel=\"noopener noreferrer\">Img link</a>", "FotoOther": "<a href=\"https://drive.google.com/file/d/1VOe1vbVZHkYrnDwLFi2NcKpuUPyOQU4u/view?usp=drivesdk\" target=\"_blank\" rel=\"noopener noreferrer\">Img link</a>", "LastCheck": -5, "Prioritas": "PRIORITAS 2", "LastCheckGroup": "7 hari"}}, {"type": "Feature", "geometry": {"type": "Point", "coordinates": [115.507742, -2.23531]}, "properties": {"ID Culvert": "LEM_01", "Jumlah Line": 1, "Mitra Kerja Responsible": "BUMA", "Tanggal Inspeksi": "2026-09-10 00:24:00", "RiskLevel": "Low", "FotoInlet": "<a href=\"https://drive.google.com/file/d/1I4WJOjZOprcviMS7z4aN--Tnao0OfZYb/view?usp=drivesdk\" target=\"_blank\" rel=\"noopener noreferrer\">Img link</a>", "FotoOutlet": "<a href=\"https://drive.google.com/file/d/1Vz9yBDMzNVfYgT2N6YzaUiQzKzmS-XG4/view?usp=drivesdk\" target=\"_blank\" rel=\"noopener noreferrer\">Img link</a>", "FotoOther": "<a href=\"https://drive.google.com/file/d/1B2VELqlURGdkzhj2zUBQ6zACrVxGDldh/view?usp=drivesdk\" target=\"_blank\" rel=\"noopener noreferrer\">Img link</a>", "LastCheck": -3, "Prioritas": "PRIORITAS 2", "LastCheckGroup": "7 hari"}}, {"type": "Feature", "geometry": {"type": "Point", "coordinates": [115.504849, -2.239289]}, "properties": {"ID Culvert": "LEM_02", "Jumlah Line": 1, "Mitra Kerja Responsible": "BUMA", "Tanggal Inspeksi": "2026-08-25 15:21:00", "RiskLevel": "Low", "FotoInlet": "<a href=\"https://drive.google.com/file/d/1g9arbCyaAMJrvofCBt6PpxGJI7KUmxy1/view?usp=drivesdk\" target=\"_blank\" rel=\"noopener noreferrer\">Img link</a>", "FotoOutlet": "<a href=\"https://drive.google.com/file/d/1D0IkNIsPPq4OIkDX7ijM_5vIlh215G00/view?usp=drivesdk\" target=\"_blank\" rel=\"noopener noreferrer\">Img link</a>", "FotoOther": "-", "LastCheck": -19, "Prioritas": "PRIORITAS 2", "LastCheckGroup": "30 hari"}}, {"type": "Feature", "geometry": {"type": "Point", "coordinates": [115.504469, -2.239028]}, "properties": {"ID Culvert": "LEM_03", "Jumlah Line": 1, "Mitra Kerja Responsible": "BUMA", "Tanggal Inspeksi": "2026-09-08 13:11:00", "RiskLevel": "Medium", "FotoInlet": "<a href=\"https://drive.google.com/file/d/1oiTDBD50_I3je5N1QvTd-HOlFpaPwzvV/view?usp=drivesdk\" target=\"_blank\" rel=\"noopener noreferrer\">Img link</a>", "FotoOutlet": "<a href=\"https://drive.google.com/file/d/10Yjg9SSQ2bkPmoJ4abi85Wdpvks7kD8R/view?usp=drivesdk\" target=\"_blank\" rel=\"noopener noreferrer\">Img link</a>", "FotoOther": "<a href=\"https://drive.google.com/file/d/1WqCznQZZ6mfKmovPqVtEo_mAijQmSEcY/view?usp=drivesdk\" target=\"_blank\" rel=\"noopener noreferrer\">Img link</a>", "LastCheck": -5, "Prioritas": "PRIORITAS 2", "LastCheckGroup": "7 hari"}}, {"type": "Feature", "geometry": {"type": "Point", "coordinates": [115.502575, -2.243989]}, "properties": {"ID Culvert": "LEM_05", "Jumlah Line": 1, "Mitra Kerja Responsible": "BUMA", "Tanggal Inspeksi": "2026-09-10 00:14:00", "RiskLevel": "Low", "FotoInlet": "<a href=\"https://drive.google.com/file/d/1t0Q7LoXNKhXqWi6JfA-x6Axmc5I2Niz4/view?usp=drivesdk\" target=\"_blank\" rel=\"noopener noreferrer\">Img link</a>", "FotoOutlet": "<a href=\"https://drive.google.com/file/d/1JzDvUiXr9mv9CZRWPGpaSff8zI9-pv3X/view?usp=drivesdk\" target=\"_blank\" rel=\"noopener noreferrer\">Img link</a>", "FotoOther": "<a href=\"https://drive.google.com/file/d/1kof_7pSlfR93aETvhoU5LtCju8qGzYDy/view?usp=drivesdk\" target=\"_blank\" rel=\"noopener noreferrer\">Img link</a>", "LastCheck": -3, "Prioritas": "PRIORITAS 2", "LastCheckGroup": "7 hari"}}, {"type": "Feature", "geometry": {"type": "Point", "coordinates": [115.507357, -2.211211]}, "properties": {"ID Culvert": "LIV_01", "Jumlah Line": 11, "Mitra Kerja Responsible": "BUMA", "Tanggal Inspeksi": "2026-09-10 13:12:00", "RiskLevel": "Medium", "FotoInlet": "<a href=\"https://drive.google.com/file/d/1-s6VKON1c_Exk4xvTK7jP3g_vF7oGmVH/view?usp=drivesdk\" target=\"_blank\" rel=\"noopener noreferrer\">Img link</a>", "FotoOutlet": "<a href=\"https://drive.google.com/file/d/1KpdP0IVVI6lRRz_lkSOv3y05N9lLNa0z/view?usp=drivesdk\" target=\"_blank\" rel=\"noopener noreferrer\">Img link</a>", "FotoOther": "-", "LastCheck": -3, "Prioritas": "PRIORITAS 2", "LastCheckGroup": "7 hari"}}, {"type": "Feature", "geometry": {"type": "Point", "coordinates": [115.494423, -2.249803]}, "properties": {"ID Culvert": "MAC_01", "Jumlah Line": 2, "Mitra Kerja Responsible": "BUMA", "Tanggal Inspeksi": "2026-09-09 18:27:00", "RiskLevel": "Low", "FotoInlet": "<a href=\"https://drive.google.com/file/d/1NkEI5uJo3ks6Ou783rgqd3JYXYIOuNaM/view?usp=drivesdk\" target=\"_blank\" rel=\"noopener noreferrer\">Img link</a>", "FotoOutlet": "<a href=\"https://drive.google.com/file/d/1AVO51BOBuViHnj7Xe4ZPLVcWDBlFzX4j/view?usp=drivesdk\" target=\"_blank\" rel=\"noopener noreferrer\">Img link</a>", "FotoOther": "-", "LastCheck": -4, "Prioritas": "PRIORITAS 2", "LastCheckGroup": "7 hari"}}, {"type": "Feature", "geometry": {"type": "Point", "coordinates": [115.494154, -2.249902]}, "properties": {"ID Culvert": "MAC_02", "Jumlah Line": 1, "Mitra Kerja Responsible": "BUMA", "Tanggal Inspeksi": "2026-09-08 02:56:00", "RiskLevel": "Low", "FotoInlet": "<a href=\"https://drive.google.com/file/d/1jgruH5iThZGcr-DxGIwIFLl_qh9LwMr0/view?usp=drivesdk\" target=\"_blank\" rel=\"noopener noreferrer\">Img link</a>", "FotoOutlet": "<a href=\"https://drive.google.com/file/d/120RQ18vHVDMksz79LYrLD9iMDCOETxWY/view?usp=drivesdk\" target=\"_blank\" rel=\"noopener noreferrer\">Img link</a>", "FotoOther": "<a href=\"https://drive.google.com/file/d/1Cq-6VMW3Rq1VK4_T-gxpBxCB-w3WB4fV/view?usp=drivesdk\" target=\"_blank\" rel=\"noopener noreferrer\">Img link</a>", "LastCheck": -5, "Prioritas": "PRIORITAS 2", "LastCheckGroup": "7 hari"}}, {"type": "Feature", "geometry": {"type": "Point", "coordinates": [115.52481, -2.19747]}, "properties": {"ID Culvert": "MAO_02", "Jumlah Line": 2, "Mitra Kerja Responsible": "BUMA", "Tanggal Inspeksi": "2026-09-08 04:00:00", "RiskLevel": "Low", "FotoInlet": "<a href=\"https://drive.google.com/file/d/1S4yqK5HjI-_qQ-r3gZnW-p5XhkQhDyok/view?usp=drivesdk\" target=\"_blank\" rel=\"noopener noreferrer\">Img link</a>", "FotoOutlet": "<a href=\"https://drive.google.com/file/d/1WusCkL5_dX_gbApOP1pGxBqC98EH8Izz/view?usp=drivesdk\" target=\"_blank\" rel=\"noopener noreferrer\">Img link</a>", "FotoOther": "<a href=\"https://drive.google.com/file/d/1mBebbc-rnMFXtlZxZQxGo_8TU6usDahq/view?usp=drivesdk\" target=\"_blank\" rel=\"noopener noreferrer\">Img link</a>", "LastCheck": -5, "Prioritas": "PRIORITAS 2", "LastCheckGroup": "7 hari"}}, {"type": "Feature", "geometry": {"type": "Point", "coordinates": [115.514359, -2.201949]}, "properties": {"ID Culvert": "MAO_03", "Jumlah Line": 2, "Mitra Kerja Responsible": "BUMA", "Tanggal Inspeksi": "2026-09-08 04:57:00", "RiskLevel": "High", "FotoInlet": "<a href=\"https://drive.google.com/file/d/1qTaCf3B7-jgsQxDHQdtxCqFzEv0Bg0FF/view?usp=drivesdk\" target=\"_blank\" rel=\"noopener noreferrer\">Img link</a>", "FotoOutlet": "<a href=\"https://drive.google.com/file/d/1G6PlEPXzBoMZX5ZyBmVjyp0rKEoClauW/view?usp=drivesdk\" target=\"_blank\" rel=\"noopener noreferrer\">Img link</a>", "FotoOther": "<a href=\"https://drive.google.com/file/d/1DXJAvpk4PwNejhfioZ5OQZF7fA0j4Sk3/view?usp=drivesdk\" target=\"_blank\" rel=\"noopener noreferrer\">Img link</a>", "LastCheck": -5, "Prioritas": "PRIORITAS 2", "LastCheckGroup": "7 hari"}}, {"type": "Feature", "geometry": {"type": "Point", "coordinates": [115.493533, -2.205301]}, "properties": {"ID Culvert": "MAR_01", "Jumlah Line": 3, "Mitra Kerja Responsible": "BUMA", "Tanggal Inspeksi": "2026-09-07 18:28:00", "RiskLevel": "Low", "FotoInlet": "<a href=\"https://drive.google.com/file/d/1-59aFI0p0bMRMY_j1a8837_wcoq3_jMn/view?usp=drivesdk\" target=\"_blank\" rel=\"noopener noreferrer\">Img link</a>", "FotoOutlet": "<a href=\"https://drive.google.com/file/d/1MjuVVlS6-x2pJb9Jvy7duccIPnERzOET/view?usp=drivesdk\" target=\"_blank\" rel=\"noopener noreferrer\">Img link</a>", "FotoOther": "<a href=\"https://drive.google.com/file/d/11W5HGBiQtb-hAo30PnBEkAorZVzN5Lpb/view?usp=drivesdk\" target=\"_blank\" rel=\"noopener noreferrer\">Img link</a>", "LastCheck": -6, "Prioritas": "PRIORITAS 2", "LastCheckGroup": "7 hari"}}, {"type": "Feature", "geometry": {"type": "Point", "coordinates": [115.49573, -2.199554]}, "properties": {"ID Culvert": "MAR_02", "Jumlah Line": 1, "Mitra Kerja Responsible": "BUMA", "Tanggal Inspeksi": "2026-09-09 23:18:00", "RiskLevel": "Critical", "FotoInlet": "<a href=\"https://drive.google.com/file/d/1GHyuddC0vYWMC4kFLezXuppSak9XLQtR/view?usp=drivesdk\" target=\"_blank\" rel=\"noopener noreferrer\">Img link</a>", "FotoOutlet": "<a href=\"https://drive.google.com/file/d/18iWSVAiEbSsg1_pKnBA-vGtyZOuf7MbM/view?usp=drivesdk\" target=\"_blank\" rel=\"noopener noreferrer\">Img link</a>", "FotoOther": "<a href=\"https://drive.google.com/file/d/1YHlaOio1f37u9tE1Xw7I8Lw_8oV0sR8y/view?usp=drivesdk\" target=\"_blank\" rel=\"noopener noreferrer\">Img link</a>", "LastCheck": -4, "Prioritas": "PRIORITAS 2", "LastCheckGroup": "7 hari"}}, {"type": "Feature", "geometry": {"type": "Point", "coordinates": [115.478514, -2.237636]}, "properties": {"ID Culvert": "MAS_03", "Jumlah Line": 1, "Mitra Kerja Responsible": "BUMA", "Tanggal Inspeksi": "-", "RiskLevel": "No data", "FotoInlet": "-", "FotoOutlet": "-", "FotoOther": "-", "LastCheck": "No data", "Prioritas": "PRIORITAS 2", "LastCheckGroup": "No data"}}, {"type": "Feature", "geometry": {"type": "Point", "coordinates": [115.485965, -2.230761]}, "properties": {"ID Culvert": "MCL_04", "Jumlah Line": 6, "Mitra Kerja Responsible": "BUMA", "Tanggal Inspeksi": "2026-09-07 21:49:00", "RiskLevel": "High", "FotoInlet": "<a href=\"https://drive.google.com/file/d/1jnwXEmWVaFk6kYMVRWhZ7uXHo2flYBm2/view?usp=drivesdk\" target=\"_blank\" rel=\"noopener noreferrer\">Img link</a>", "FotoOutlet": "<a href=\"https://drive.google.com/file/d/1YP9CLewgF89V35mlQvhqhcj4t2iZulzA/view?usp=drivesdk\" target=\"_blank\" rel=\"noopener noreferrer\">Img link</a>", "FotoOther": "<a href=\"https://drive.google.com/file/d/1WxtXq1EJAfYFq9OIcQzL904dPMJ23v5S/view?usp=drivesdk\" target=\"_blank\" rel=\"noopener noreferrer\">Img link</a>", "LastCheck": -6, "Prioritas": "PRIORITAS 2", "LastCheckGroup": "7 hari"}}, {"type": "Feature", "geometry": {"type": "Point", "coordinates": [115.489786, -2.230512]}, "properties": {"ID Culvert": "MCL_05", "Jumlah Line": 6, "Mitra Kerja Responsible": "BUMA", "Tanggal Inspeksi": "-", "RiskLevel": "No data", "FotoInlet": "-", "FotoOutlet": "-", "FotoOther": "-", "LastCheck": "No data", "Prioritas": "PRIORITAS 2", "LastCheckGroup": "No data"}}, {"type": "Feature", "geometry": {"type": "Point", "coordinates": [115.5302, -2.208231]}, "properties": {"ID Culvert": "MER_01", "Jumlah Line": 4, "Mitra Kerja Responsible": "BUMA", "Tanggal Inspeksi": "2026-09-08 03:46:00", "RiskLevel": "Low", "FotoInlet": "<a href=\"https://drive.google.com/file/d/1hZ_ivoB-CQwbCiHCOZfn_fCHs8MGBS_v/view?usp=drivesdk\" target=\"_blank\" rel=\"noopener noreferrer\">Img link</a>", "FotoOutlet": "<a href=\"https://drive.google.com/file/d/1iY_Hrn6s0qYl3d1O2iXl7YY_aBsUpo_E/view?usp=drivesdk\" target=\"_blank\" rel=\"noopener noreferrer\">Img link</a>", "FotoOther": "<a href=\"https://drive.google.com/file/d/1XSH-b2G5pZPbE6FUlVgFS7kjl5vofj74/view?usp=drivesdk\" target=\"_blank\" rel=\"noopener noreferrer\">Img link</a>", "LastCheck": -5, "Prioritas": "PRIORITAS 2", "LastCheckGroup": "7 hari"}}, {"type": "Feature", "geometry": {"type": "Point", "coordinates": [115.529994, -2.215799]}, "properties": {"ID Culvert": "MES_01", "Jumlah Line": 2, "Mitra Kerja Responsible": "BUMA", "Tanggal Inspeksi": "2026-08-27 13:06:00", "RiskLevel": "Low", "FotoInlet": "<a href=\"https://drive.google.com/file/d/1K9wAfnp67oJb9Z9W1u19rwRYducGQ7I2/view?usp=drivesdk\" target=\"_blank\" rel=\"noopener noreferrer\">Img link</a>", "FotoOutlet": "<a href=\"https://drive.google.com/file/d/1AYRHXCH45-FW7Dyi3x3psuR4ERZNcnIO/view?usp=drivesdk\" target=\"_blank\" rel=\"noopener noreferrer\">Img link</a>", "FotoOther": "<a href=\"https://drive.google.com/file/d/1oZTlqM0CsGRhJNpMrdBnrvfvHkGisD1K/view?usp=drivesdk\" target=\"_blank\" rel=\"noopener noreferrer\">Img link</a>", "LastCheck": -17, "Prioritas": "PRIORITAS 2", "LastCheckGroup": "30 hari"}}, {"type": "Feature", "geometry": {"type": "Point", "coordinates": [115.506769, -2.211575]}, "properties": {"ID Culvert": "MIT_02", "Jumlah Line": 11, "Mitra Kerja Responsible": "BUMA", "Tanggal Inspeksi": "2026-08-28 08:31:00", "RiskLevel": "Medium", "FotoInlet": "<a href=\"https://drive.google.com/file/d/1FFIKyJyxxUNUn0KygffZzvoi4cmvJnps/view?usp=drivesdk\" target=\"_blank\" rel=\"noopener noreferrer\">Img link</a>", "FotoOutlet": "<a href=\"https://drive.google.com/file/d/1t6m1gbNk1hwT0FfwIF3b65RgVUcmzhS4/view?usp=drivesdk\" target=\"_blank\" rel=\"noopener noreferrer\">Img link</a>", "FotoOther": "<a href=\"https://drive.google.com/file/d/1UdofCdMdcmEijN0LptJiX6GEw2SpFr_u/view?usp=drivesdk\" target=\"_blank\" rel=\"noopener noreferrer\">Img link</a>", "LastCheck": -16, "Prioritas": "PRIORITAS 2", "LastCheckGroup": "30 hari"}}, {"type": "Feature", "geometry": {"type": "Point", "coordinates": [115.488038, -2.234453]}, "properties": {"ID Culvert": "NIS_06", "Jumlah Line": 3, "Mitra Kerja Responsible": "BUMA", "Tanggal Inspeksi": "-", "RiskLevel": "No data", "FotoInlet": "-", "FotoOutlet": "-", "FotoOther": "-", "LastCheck": "No data", "Prioritas": "PRIORITAS 2", "LastCheckGroup": "No data"}}, {"type": "Feature", "geometry": {"type": "Point", "coordinates": [115.489629, -2.235341]}, "properties": {"ID Culvert": "NIS_07", "Jumlah Line": 3, "Mitra Kerja Responsible": "BUMA", "Tanggal Inspeksi": "-", "RiskLevel": "No data", "FotoInlet": "-", "FotoOutlet": "-", "FotoOther": "-", "LastCheck": "No data", "Prioritas": "PRIORITAS 2", "LastCheckGroup": "No data"}}, {"type": "Feature", "geometry": {"type": "Point", "coordinates": [115.503953, -2.196378]}, "properties": {"ID Culvert": "NUN_01", "Jumlah Line": 2, "Mitra Kerja Responsible": "BUMA", "Tanggal Inspeksi": "2026-08-25 06:54:00", "RiskLevel": "Low", "FotoInlet": "<a href=\"https://drive.google.com/file/d/16NXGU4sBE_b6z2HilUNSeWcgtHR8XYuB/view?usp=drivesdk\" target=\"_blank\" rel=\"noopener noreferrer\">Img link</a>", "FotoOutlet": "<a href=\"https://drive.google.com/file/d/1ooAsgfiD9th3QMVjyByGoGhreSuGLGnu/view?usp=drivesdk\" target=\"_blank\" rel=\"noopener noreferrer\">Img link</a>", "FotoOther": "-", "LastCheck": -19, "Prioritas": "PRIORITAS 2", "LastCheckGroup": "30 hari"}}, {"type": "Feature", "geometry": {"type": "Point", "coordinates": [115.483345, -2.234464]}, "properties": {"ID Culvert": "PAJ_04", "Jumlah Line": 1, "Mitra Kerja Responsible": "BUMA", "Tanggal Inspeksi": "2026-09-07 18:35:00", "RiskLevel": "Low", "FotoInlet": "<a href=\"https://drive.google.com/file/d/1OLRRZABTjMtcVmyvY12mbuj1aKtZJn5i/view?usp=drivesdk\" target=\"_blank\" rel=\"noopener noreferrer\">Img link</a>", "FotoOutlet": "<a href=\"https://drive.google.com/file/d/1FTiX-gHF18GsR3tq4xqwNiTZUYw-ePzp/view?usp=drivesdk\" target=\"_blank\" rel=\"noopener noreferrer\">Img link</a>", "FotoOther": "<a href=\"https://drive.google.com/file/d/1F7D0A0nWwO1jJElfh2PN-mN6fOnfGtmL/view?usp=drivesdk\" target=\"_blank\" rel=\"noopener noreferrer\">Img link</a>", "LastCheck": -6, "Prioritas": "PRIORITAS 2", "LastCheckGroup": "7 hari"}}, {"type": "Feature", "geometry": {"type": "Point", "coordinates": [115.480815, -2.23838]}, "properties": {"ID Culvert": "PAJ_05", "Jumlah Line": 1, "Mitra Kerja Responsible": "BUMA", "Tanggal Inspeksi": "2026-09-09 20:27:00", "RiskLevel": "High", "FotoInlet": "<a href=\"https://drive.google.com/file/d/1HRZhIJ08vymgLFb0Qi1flDEWtRdPATHE/view?usp=drivesdk\" target=\"_blank\" rel=\"noopener noreferrer\">Img link</a>", "FotoOutlet": "<a href=\"https://drive.google.com/file/d/1OjN88QsAKvI8Tn8aiJCWv4pwWOqvUM0O/view?usp=drivesdk\" target=\"_blank\" rel=\"noopener noreferrer\">Img link</a>", "FotoOther": "<a href=\"https://drive.google.com/file/d/1HwFPZy-fQx_4f3kMscoePh0Y_sty7lVj/view?usp=drivesdk\" target=\"_blank\" rel=\"noopener noreferrer\">Img link</a>", "LastCheck": -4, "Prioritas": "PRIORITAS 2", "LastCheckGroup": "7 hari"}}, {"type": "Feature", "geometry": {"type": "Point", "coordinates": [115.480152, -2.236154]}, "properties": {"ID Culvert": "PAJ_06", "Jumlah Line": 1, "Mitra Kerja Responsible": "BUMA", "Tanggal Inspeksi": "2026-09-08 00:02:00", "RiskLevel": "Medium", "FotoInlet": "<a href=\"https://drive.google.com/file/d/1pQs5eT6_NJZM3n2WEHFxux2cxAN51CRH/view?usp=drivesdk\" target=\"_blank\" rel=\"noopener noreferrer\">Img link</a>", "FotoOutlet": "<a href=\"https://drive.google.com/file/d/1SV3boNSGszEhluKUr7prs1ppHAvSN26Y/view?usp=drivesdk\" target=\"_blank\" rel=\"noopener noreferrer\">Img link</a>", "FotoOther": "<a href=\"https://drive.google.com/file/d/1YvbdnxDO0AFgUpZknY58sqw4nnvzL7Wf/view?usp=drivesdk\" target=\"_blank\" rel=\"noopener noreferrer\">Img link</a>", "LastCheck": -5, "Prioritas": "PRIORITAS 2", "LastCheckGroup": "7 hari"}}, {"type": "Feature", "geometry": {"type": "Point", "coordinates": [115.483775, -2.235842]}, "properties": {"ID Culvert": "PAJ_07", "Jumlah Line": 3, "Mitra Kerja Responsible": "BUMA", "Tanggal Inspeksi": "-", "RiskLevel": "No data", "FotoInlet": "-", "FotoOutlet": "-", "FotoOther": "-", "LastCheck": "No data", "Prioritas": "PRIORITAS 2", "LastCheckGroup": "No data"}}, {"type": "Feature", "geometry": {"type": "Point", "coordinates": [115.493938, -2.248584]}, "properties": {"ID Culvert": "PAT_01", "Jumlah Line": 2, "Mitra Kerja Responsible": "BUMA", "Tanggal Inspeksi": "2026-09-09 23:28:00", "RiskLevel": "High", "FotoInlet": "<a href=\"https://drive.google.com/file/d/1ssu_gb2KX5dunjMTMAX-F0Cy4FtKul0f/view?usp=drivesdk\" target=\"_blank\" rel=\"noopener noreferrer\">Img link</a>", "FotoOutlet": "<a href=\"https://drive.google.com/file/d/1rafOiTZoOz_CmIg71dHZRkHtXsHuMFSZ/view?usp=drivesdk\" target=\"_blank\" rel=\"noopener noreferrer\">Img link</a>", "FotoOther": "<a href=\"https://drive.google.com/file/d/1L9OOXPeeivDkRfgIdBZTX6895s1lpWJ4/view?usp=drivesdk\" target=\"_blank\" rel=\"noopener noreferrer\">Img link</a>", "LastCheck": -4, "Prioritas": "PRIORITAS 2", "LastCheckGroup": "7 hari"}}, {"type": "Feature", "geometry": {"type": "Point", "coordinates": [115.502193, -2.219936]}, "properties": {"ID Culvert": "PON_02", "Jumlah Line": 2, "Mitra Kerja Responsible": "BUMA", "Tanggal Inspeksi": "2026-09-08 13:10:00", "RiskLevel": "Medium", "FotoInlet": "<a href=\"https://drive.google.com/file/d/1ET9LlASdccBGg4oZDoOyYM1PdQ7fq5Vi/view?usp=drivesdk\" target=\"_blank\" rel=\"noopener noreferrer\">Img link</a>", "FotoOutlet": "<a href=\"https://drive.google.com/file/d/1VATJAjTbn44iAbUOXIMDQsq2CbGoXRF0/view?usp=drivesdk\" target=\"_blank\" rel=\"noopener noreferrer\">Img link</a>", "FotoOther": "<a href=\"https://drive.google.com/file/d/1Jm6HsR-PRZw4LR7hCzLTJgRlPm4RFU5r/view?usp=drivesdk\" target=\"_blank\" rel=\"noopener noreferrer\">Img link</a>", "LastCheck": -5, "Prioritas": "PRIORITAS 2", "LastCheckGroup": "7 hari"}}, {"type": "Feature", "geometry": {"type": "Point", "coordinates": [115.506014, -2.218153]}, "properties": {"ID Culvert": "PON_03", "Jumlah Line": 2, "Mitra Kerja Responsible": "BUMA", "Tanggal Inspeksi": "2026-09-07 13:25:00", "RiskLevel": "Low", "FotoInlet": "<a href=\"https://drive.google.com/file/d/1BvcPMqqbpWHjYxj6cbYToCARW1ubWg5a/view?usp=drivesdk\" target=\"_blank\" rel=\"noopener noreferrer\">Img link</a>", "FotoOutlet": "<a href=\"https://drive.google.com/file/d/1q9JI4g2-N5DMI-bkhxrcvMt1XkJWiHKh/view?usp=drivesdk\" target=\"_blank\" rel=\"noopener noreferrer\">Img link</a>", "FotoOther": "-", "LastCheck": -6, "Prioritas": "PRIORITAS 2", "LastCheckGroup": "7 hari"}}, {"type": "Feature", "geometry": {"type": "Point", "coordinates": [115.494816, -2.226285]}, "properties": {"ID Culvert": "PON_05", "Jumlah Line": 6, "Mitra Kerja Responsible": "BUMA", "Tanggal Inspeksi": "2026-09-08 05:15:00", "RiskLevel": "Low", "FotoInlet": "<a href=\"https://drive.google.com/file/d/1yT85pYDW0puJwTe-ZNt0NTv0MannvjRM/view?usp=drivesdk\" target=\"_blank\" rel=\"noopener noreferrer\">Img link</a>", "FotoOutlet": "<a href=\"https://drive.google.com/file/d/1wdS-GkJxvxWTlZaNXP4wxyGUSFGPVj1Q/view?usp=drivesdk\" target=\"_blank\" rel=\"noopener noreferrer\">Img link</a>", "FotoOther": "-", "LastCheck": -5, "Prioritas": "PRIORITAS 1", "LastCheckGroup": "7 hari"}}, {"type": "Feature", "geometry": {"type": "Point", "coordinates": [115.494924, -2.22614]}, "properties": {"ID Culvert": "PON_06", "Jumlah Line": 3, "Mitra Kerja Responsible": "BUMA", "Tanggal Inspeksi": "2026-08-24 22:03:00", "RiskLevel": "Medium", "FotoInlet": "<a href=\"https://drive.google.com/file/d/1TzZlVmaWYi8DEmX0F9-HnwuCLSKD_5tA/view?usp=drivesdk\" target=\"_blank\" rel=\"noopener noreferrer\">Img link</a>", "FotoOutlet": "<a href=\"https://drive.google.com/file/d/1aj7b8zCqUjmnR_vY2L1NciR3Y7t2w0Ea/view?usp=drivesdk\" target=\"_blank\" rel=\"noopener noreferrer\">Img link</a>", "FotoOther": "<a href=\"https://drive.google.com/file/d/1A17qkvNc5whMHz0k7UpB6K-KVTq9hnJc/view?usp=drivesdk\" target=\"_blank\" rel=\"noopener noreferrer\">Img link</a>", "LastCheck": -20, "Prioritas": "PRIORITAS 1", "LastCheckGroup": "30 hari"}}, {"type": "Feature", "geometry": {"type": "Point", "coordinates": [115.493221, -2.230805]}, "properties": {"ID Culvert": "PON_08", "Jumlah Line": 5, "Mitra Kerja Responsible": "BUMA", "Tanggal Inspeksi": "2026-08-29 09:30:00", "RiskLevel": "Low", "FotoInlet": "<a href=\"https://drive.google.com/file/d/1mAyNOvjUK0EZX29ZHhyXX4ibWARON8MQ/view?usp=drivesdk\" target=\"_blank\" rel=\"noopener noreferrer\">Img link</a>", "FotoOutlet": "<a href=\"https://drive.google.com/file/d/1NqiMQIalNiUMr8Bntxg-5cmtIzl5VQIs/view?usp=drivesdk\" target=\"_blank\" rel=\"noopener noreferrer\">Img link</a>", "FotoOther": "-", "LastCheck": -15, "Prioritas": "PRIORITAS 2", "LastCheckGroup": "30 hari"}}, {"type": "Feature", "geometry": {"type": "Point", "coordinates": [115.476028, -2.238045]}, "properties": {"ID Culvert": "R10_01", "Jumlah Line": 1, "Mitra Kerja Responsible": "BUMA", "Tanggal Inspeksi": "2026-09-12 04:56:00", "RiskLevel": "Critical", "FotoInlet": "-", "FotoOutlet": "<a href=\"https://drive.google.com/file/d/1264qgyi3H2-m-shnELMvhMVyycit-Gat/view?usp=drivesdk\" target=\"_blank\" rel=\"noopener noreferrer\">Img link</a>", "FotoOther": "<a href=\"https://drive.google.com/file/d/1RLJXrUU5dI4Bnycg2_4iNzE7yUy_pkME/view?usp=drivesdk\" target=\"_blank\" rel=\"noopener noreferrer\">Img link</a>", "LastCheck": -1, "Prioritas": "PRIORITAS 2", "LastCheckGroup": "7 hari"}}, {"type": "Feature", "geometry": {"type": "Point", "coordinates": [115.489275, -2.203626]}, "properties": {"ID Culvert": "SBK_01", "Jumlah Line": 2, "Mitra Kerja Responsible": "BUMA", "Tanggal Inspeksi": "2026-09-09 22:25:00", "RiskLevel": "Medium", "FotoInlet": "<a href=\"https://drive.google.com/file/d/1BYDMzoR_j9XlaA2vYe6JDE_zvUnLIiTp/view?usp=drivesdk\" target=\"_blank\" rel=\"noopener noreferrer\">Img link</a>", "FotoOutlet": "<a href=\"https://drive.google.com/file/d/1fUpY-VAGcKHCNb_tqidinRK0sXUUKr_a/view?usp=drivesdk\" target=\"_blank\" rel=\"noopener noreferrer\">Img link</a>", "FotoOther": "<a href=\"https://drive.google.com/file/d/1WkJQm5lamgqkg3mBD5CQv_Mry5oC7wMD/view?usp=drivesdk\" target=\"_blank\" rel=\"noopener noreferrer\">Img link</a>", "LastCheck": -4, "Prioritas": "PRIORITAS 2", "LastCheckGroup": "7 hari"}}, {"type": "Feature", "geometry": {"type": "Point", "coordinates": [115.494667, -2.205708]}, "properties": {"ID Culvert": "SBS_01", "Jumlah Line": 5, "Mitra Kerja Responsible": "BUMA", "Tanggal Inspeksi": "2026-09-09 10:48:00", "RiskLevel": "Low", "FotoInlet": "<a href=\"https://drive.google.com/file/d/1gxGXG2EPOUt6OGzozJtbv_2-ku4Rpu5S/view?usp=drivesdk\" target=\"_blank\" rel=\"noopener noreferrer\">Img link</a>", "FotoOutlet": "<a href=\"https://drive.google.com/file/d/1_7idZYrEkrrt4N-BnsLm53q_VeauOm0Z/view?usp=drivesdk\" target=\"_blank\" rel=\"noopener noreferrer\">Img link</a>", "FotoOther": "<a href=\"https://drive.google.com/file/d/1kGFH2G-8-OdVcwKdqda81z7oz3oEeYhc/view?usp=drivesdk\" target=\"_blank\" rel=\"noopener noreferrer\">Img link</a>", "LastCheck": -4, "Prioritas": "PRIORITAS 2", "LastCheckGroup": "7 hari"}}, {"type": "Feature", "geometry": {"type": "Point", "coordinates": [115.525668, -2.215326]}, "properties": {"ID Culvert": "SIN_01", "Jumlah Line": 2, "Mitra Kerja Responsible": "BUMA", "Tanggal Inspeksi": "2026-08-27 20:27:00", "RiskLevel": "Low", "FotoInlet": "<a href=\"https://drive.google.com/file/d/1mnncoRDCw2FApHyx_Pw6mZceR7r0Dd1v/view?usp=drivesdk\" target=\"_blank\" rel=\"noopener noreferrer\">Img link</a>", "FotoOutlet": "<a href=\"https://drive.google.com/file/d/1cZojykXXhGn4Cj3Lj1BUq8zA4YGeDSFm/view?usp=drivesdk\" target=\"_blank\" rel=\"noopener noreferrer\">Img link</a>", "FotoOther": "-", "LastCheck": -17, "Prioritas": "PRIORITAS 2", "LastCheckGroup": "30 hari"}}, {"type": "Feature", "geometry": {"type": "Point", "coordinates": [115.525776, -2.229997]}, "properties": {"ID Culvert": "SUB_01", "Jumlah Line": 1, "Mitra Kerja Responsible": "BUMA", "Tanggal Inspeksi": "2026-08-10 03:00:00", "RiskLevel": "Low", "FotoInlet": "-", "FotoOutlet": "-", "FotoOther": "<a href=\"https://drive.google.com/file/d/1lgUYVe4Gs8e5-N2PRHU8bTmRXjB7TRf8/view?usp=drivesdk\" target=\"_blank\" rel=\"noopener noreferrer\">Img link</a>", "LastCheck": -34, "Prioritas": "PRIORITAS 2", "LastCheckGroup": "Lebih dari 30 Hari"}}, {"type": "Feature", "geometry": {"type": "Point", "coordinates": [115.516751, -2.201526]}, "properties": {"ID Culvert": "SUL_06", "Jumlah Line": 2, "Mitra Kerja Responsible": "BUMA", "Tanggal Inspeksi": "-", "RiskLevel": "No data", "FotoInlet": "-", "FotoOutlet": "-", "FotoOther": "-", "LastCheck": "No data", "Prioritas": "PRIORITAS 2", "LastCheckGroup": "No data"}}, {"type": "Feature", "geometry": {"type": "Point", "coordinates": [115.479073, -2.229621]}, "properties": {"ID Culvert": "SUM_01", "Jumlah Line": 4, "Mitra Kerja Responsible": "BUMA", "Tanggal Inspeksi": "2026-08-28 15:32:00", "RiskLevel": "Low", "FotoInlet": "<a href=\"https://drive.google.com/file/d/174BziqFxuRWL8KeSafVaNIY16PcAgfmp/view?usp=drivesdk\" target=\"_blank\" rel=\"noopener noreferrer\">Img link</a>", "FotoOutlet": "<a href=\"https://drive.google.com/file/d/1606XnNiTYRzgKyrqoqRM_73eSGfcQy6L/view?usp=drivesdk\" target=\"_blank\" rel=\"noopener noreferrer\">Img link</a>", "FotoOther": "-", "LastCheck": -16, "Prioritas": "PRIORITAS 2", "LastCheckGroup": "30 hari"}}, {"type": "Feature", "geometry": {"type": "Point", "coordinates": [115.479863, -2.228765]}, "properties": {"ID Culvert": "SUM_02", "Jumlah Line": 1, "Mitra Kerja Responsible": "BUMA", "Tanggal Inspeksi": "-", "RiskLevel": "No data", "FotoInlet": "-", "FotoOutlet": "-", "FotoOther": "-", "LastCheck": "No data", "Prioritas": "PRIORITAS 2", "LastCheckGroup": "No data"}}, {"type": "Feature", "geometry": {"type": "Point", "coordinates": [115.480675, -2.22589]}, "properties": {"ID Culvert": "SUM_03", "Jumlah Line": 1, "Mitra Kerja Responsible": "BUMA", "Tanggal Inspeksi": "-", "RiskLevel": "No data", "FotoInlet": "-", "FotoOutlet": "-", "FotoOther": "-", "LastCheck": "No data", "Prioritas": "PRIORITAS 2", "LastCheckGroup": "No data"}}, {"type": "Feature", "geometry": {"type": "Point", "coordinates": [115.500571, -2.218849]}, "properties": {"ID Culvert": "TER_02", "Jumlah Line": 2, "Mitra Kerja Responsible": "BUMA", "Tanggal Inspeksi": "2026-08-29 19:37:00", "RiskLevel": "Medium", "FotoInlet": "<a href=\"https://drive.google.com/file/d/1VPYNj4ZKPHHaQeBGkWLnJYAqFUZvvz4W/view?usp=drivesdk\" target=\"_blank\" rel=\"noopener noreferrer\">Img link</a>", "FotoOutlet": "<a href=\"https://drive.google.com/file/d/1rujdr5JDz3OVgqwbVOBdnloOpzLYE_tJ/view?usp=drivesdk\" target=\"_blank\" rel=\"noopener noreferrer\">Img link</a>", "FotoOther": "<a href=\"https://drive.google.com/file/d/12lRZVBUA9JpTJFrK9JXO3syR35yZTv6X/view?usp=drivesdk\" target=\"_blank\" rel=\"noopener noreferrer\">Img link</a>", "LastCheck": -15, "Prioritas": "PRIORITAS 2", "LastCheckGroup": "30 hari"}}, {"type": "Feature", "geometry": {"type": "Point", "coordinates": [115.498483, -2.220165]}, "properties": {"ID Culvert": "TER_04", "Jumlah Line": 9, "Mitra Kerja Responsible": "BUMA", "Tanggal Inspeksi": "2026-08-29 19:33:00", "RiskLevel": "Medium", "FotoInlet": "<a href=\"https://drive.google.com/file/d/1tSExO2kqWKxojzdKOAooTdVJOfBTJOap/view?usp=drivesdk\" target=\"_blank\" rel=\"noopener noreferrer\">Img link</a>", "FotoOutlet": "<a href=\"https://drive.google.com/file/d/1WQDrd7FtCA9ifRicuXC-Q8JXquACrCwv/view?usp=drivesdk\" target=\"_blank\" rel=\"noopener noreferrer\">Img link</a>", "FotoOther": "<a href=\"https://drive.google.com/file/d/1SRPLWst09hYNVE_tsySPr5LIKHo811gP/view?usp=drivesdk\" target=\"_blank\" rel=\"noopener noreferrer\">Img link</a>", "LastCheck": -15, "Prioritas": "PRIORITAS 2", "LastCheckGroup": "30 hari"}}, {"type": "Feature", "geometry": {"type": "Point", "coordinates": [115.503968, -2.214234]}, "properties": {"ID Culvert": "TES_01", "Jumlah Line": 13, "Mitra Kerja Responsible": "BUMA", "Tanggal Inspeksi": "2026-08-24 18:15:00", "RiskLevel": "Low", "FotoInlet": "<a href=\"https://drive.google.com/file/d/17VK4uvXiCfXuWHRFXoFgkaoB8awUARt8/view?usp=drivesdk\" target=\"_blank\" rel=\"noopener noreferrer\">Img link</a>", "FotoOutlet": "<a href=\"https://drive.google.com/file/d/12f8X1ugGCxURY64dSEagoP_X9SsmUmce/view?usp=drivesdk\" target=\"_blank\" rel=\"noopener noreferrer\">Img link</a>", "FotoOther": "<a href=\"https://drive.google.com/file/d/18HGjYxL3MIly4kJEQmUl7VloYxTJcitO/view?usp=drivesdk\" target=\"_blank\" rel=\"noopener noreferrer\">Img link</a>", "LastCheck": -20, "Prioritas": "PRIORITAS 2", "LastCheckGroup": "30 hari"}}, {"type": "Feature", "geometry": {"type": "Point", "coordinates": [115.52254, -2.207556]}, "properties": {"ID Culvert": "TES_03", "Jumlah Line": 9, "Mitra Kerja Responsible": "BUMA", "Tanggal Inspeksi": "2026-09-08 04:34:00", "RiskLevel": "Low", "FotoInlet": "<a href=\"https://drive.google.com/file/d/1PhXnRIfIPs4Cd5SSsgOHgijJQq2kryvf/view?usp=drivesdk\" target=\"_blank\" rel=\"noopener noreferrer\">Img link</a>", "FotoOutlet": "<a href=\"https://drive.google.com/file/d/1Kp8gwJrjUzkSE99vypRs6NdoWh6Vxaz8/view?usp=drivesdk\" target=\"_blank\" rel=\"noopener noreferrer\">Img link</a>", "FotoOther": "<a href=\"https://drive.google.com/file/d/1-EF3SkPKilG5wX7GYFi4vHsHT14bHTsA/view?usp=drivesdk\" target=\"_blank\" rel=\"noopener noreferrer\">Img link</a>", "LastCheck": -5, "Prioritas": "PRIORITAS 2", "LastCheckGroup": "7 hari"}}, {"type": "Feature", "geometry": {"type": "Point", "coordinates": [115.510492, -2.229665]}, "properties": {"ID Culvert": "TSA_03", "Jumlah Line": 1, "Mitra Kerja Responsible": "BUMA", "Tanggal Inspeksi": "2026-09-09 16:41:00", "RiskLevel": "High", "FotoInlet": "<a href=\"https://drive.google.com/file/d/1ZwqRcxiM1TfyBiu7z9aJcC8aY17aH3mP/view?usp=drivesdk\" target=\"_blank\" rel=\"noopener noreferrer\">Img link</a>", "FotoOutlet": "<a href=\"https://drive.google.com/file/d/1348JTtktdLwUiHLzgVEwG3_cwjw22dKz/view?usp=drivesdk\" target=\"_blank\" rel=\"noopener noreferrer\">Img link</a>", "FotoOther": "-", "LastCheck": -4, "Prioritas": "PRIORITAS 2", "LastCheckGroup": "7 hari"}}, {"type": "Feature", "geometry": {"type": "Point", "coordinates": [115.498709, -2.216019]}, "properties": {"ID Culvert": "WET_02", "Jumlah Line": 8, "Mitra Kerja Responsible": "BUMA", "Tanggal Inspeksi": "2026-08-27 01:31:00", "RiskLevel": "Medium", "FotoInlet": "<a href=\"https://drive.google.com/file/d/1BEOPwDfK6cbimGguoWaqQfP4o4qcvWCm/view?usp=drivesdk\" target=\"_blank\" rel=\"noopener noreferrer\">Img link</a>", "FotoOutlet": "<a href=\"https://drive.google.com/file/d/12Pt33-i9-rbhu-7GcNtEDE-RpoMMozB3/view?usp=drivesdk\" target=\"_blank\" rel=\"noopener noreferrer\">Img link</a>", "FotoOther": "-", "LastCheck": -17, "Prioritas": "PRIORITAS 2", "LastCheckGroup": "30 hari"}}, {"type": "Feature", "geometry": {"type": "Point", "coordinates": [115.497325, -2.24239]}, "properties": {"ID Culvert": "WRA_01", "Jumlah Line": 2, "Mitra Kerja Responsible": "BUMA", "Tanggal Inspeksi": "2026-08-27 20:07:00", "RiskLevel": "Medium", "FotoInlet": "<a href=\"https://drive.google.com/file/d/1Ug8aM5tWNMWxr_Y3bAKVFlqN1VwTgCer/view?usp=drivesdk\" target=\"_blank\" rel=\"noopener noreferrer\">Img link</a>", "FotoOutlet": "<a href=\"https://drive.google.com/file/d/1APCZ1QqMmT3QM7gpfh9B1zmoJaYvbDtb/view?usp=drivesdk\" target=\"_blank\" rel=\"noopener noreferrer\">Img link</a>", "FotoOther": "-", "LastCheck": -17, "Prioritas": "PRIORITAS 2", "LastCheckGroup": "30 hari"}}, {"type": "Feature", "geometry": {"type": "Point", "coordinates": [115.498003, -2.245569]}, "properties": {"ID Culvert": "WRA_02", "Jumlah Line": 1, "Mitra Kerja Responsible": "BUMA", "Tanggal Inspeksi": "2026-08-26 00:06:00", "RiskLevel": "Medium", "FotoInlet": "<a href=\"https://drive.google.com/file/d/1wnAHrv9Wxj5SQZWPbnK2KAWTR4DYOUCW/view?usp=drivesdk\" target=\"_blank\" rel=\"noopener noreferrer\">Img link</a>", "FotoOutlet": "<a href=\"https://drive.google.com/file/d/1dQM-3tuIdFNlnUcCHKIh6c0egdLD1e4_/view?usp=drivesdk\" target=\"_blank\" rel=\"noopener noreferrer\">Img link</a>", "FotoOther": "-", "LastCheck": -18, "Prioritas": "PRIORITAS 2", "LastCheckGroup": "30 hari"}}, {"type": "Feature", "geometry": {"type": "Point", "coordinates": [115.491259, -2.250333]}, "properties": {"ID Culvert": "WUL_01", "Jumlah Line": 1, "Mitra Kerja Responsible": "BUMA", "Tanggal Inspeksi": "2026-09-08 08:54:00", "RiskLevel": "Low", "FotoInlet": "<a href=\"https://drive.google.com/file/d/1Ea0Zi5uZSBMsaoSfidEcVkumoqmH2GR6/view?usp=drivesdk\" target=\"_blank\" rel=\"noopener noreferrer\">Img link</a>", "FotoOutlet": "<a href=\"https://drive.google.com/file/d/1Ag6Eh7O4yqTcQhg0KwOjrivC9uE21a0b/view?usp=drivesdk\" target=\"_blank\" rel=\"noopener noreferrer\">Img link</a>", "FotoOther": "<a href=\"https://drive.google.com/file/d/1DaUEJmOamStXqiLZzR0BngtrkAbkNmc9/view?usp=drivesdk\" target=\"_blank\" rel=\"noopener noreferrer\">Img link</a>", "LastCheck": -5, "Prioritas": "PRIORITAS 2", "LastCheckGroup": "7 hari"}}, {"type": "Feature", "geometry": {"type": "Point", "coordinates": [115.482229, -2.253006]}, "properties": {"ID Culvert": "WUL_03", "Jumlah Line": 9, "Mitra Kerja Responsible": "BUMA", "Tanggal Inspeksi": "2026-09-07 19:44:00", "RiskLevel": "Low", "FotoInlet": "<a href=\"https://drive.google.com/file/d/1f_o_Hr1wqKAWqL1VuAJ98EsjRg9QaFrA/view?usp=drivesdk\" target=\"_blank\" rel=\"noopener noreferrer\">Img link</a>", "FotoOutlet": "<a href=\"https://drive.google.com/file/d/1yyVmMJr7tfi4Wpi2QgYFC0u_R5AkTpXM/view?usp=drivesdk\" target=\"_blank\" rel=\"noopener noreferrer\">Img link</a>", "FotoOther": "<a href=\"https://drive.google.com/file/d/1Lq-S5bxMDk3e71MeLkuMz-q-vApONyhD/view?usp=drivesdk\" target=\"_blank\" rel=\"noopener noreferrer\">Img link</a>", "LastCheck": -6, "Prioritas": "PRIORITAS 2", "LastCheckGroup": "7 hari"}}, {"type": "Feature", "geometry": {"type": "Point", "coordinates": [115.483197, -2.170008]}, "properties": {"ID Culvert": "MON-02", "Jumlah Line": 1, "Mitra Kerja Responsible": "PPA", "Tanggal Inspeksi": "2026-08-30 09:13:00", "RiskLevel": "Low", "FotoInlet": "<a href=\"https://drive.google.com/file/d/10CeJK0T6LXQTrKYTK4XCebD7AiQO9FFI/view?usp=drivesdk\" target=\"_blank\" rel=\"noopener noreferrer\">Img link</a>", "FotoOutlet": "<a href=\"https://drive.google.com/file/d/1B7pfwGwixoQo4aJ22er4hUwg42adHWyT/view?usp=drivesdk\" target=\"_blank\" rel=\"noopener noreferrer\">Img link</a>", "FotoOther": "-", "LastCheck": -14, "Prioritas": "PRIORITAS 2", "LastCheckGroup": "30 hari"}}, {"type": "Feature", "geometry": {"type": "Point", "coordinates": [115.49327, -2.15866]}, "properties": {"ID Culvert": "MSR-01", "Jumlah Line": 1, "Mitra Kerja Responsible": "PPA", "Tanggal Inspeksi": "2026-08-30 10:21:00", "RiskLevel": "Low", "FotoInlet": "<a href=\"https://drive.google.com/file/d/1wPqR6IuVg1elSg3OgJyLb8eq2zbpTUB5/view?usp=drivesdk\" target=\"_blank\" rel=\"noopener noreferrer\">Img link</a>", "FotoOutlet": "<a href=\"https://drive.google.com/file/d/16FOhYpDTvMa1NMQM_4j0GEDGcBr9NKcL/view?usp=drivesdk\" target=\"_blank\" rel=\"noopener noreferrer\">Img link</a>", "FotoOther": "-", "LastCheck": -14, "Prioritas": "PRIORITAS 1", "LastCheckGroup": "30 hari"}}, {"type": "Feature", "geometry": {"type": "Point", "coordinates": [115.487569, -2.161754]}, "properties": {"ID Culvert": "MXC-01", "Jumlah Line": 4, "Mitra Kerja Responsible": "PPA", "Tanggal Inspeksi": "2026-08-30 11:25:00", "RiskLevel": "Low", "FotoInlet": "<a href=\"https://drive.google.com/file/d/12ELWlxdMzo5PSjFk8Bv7XUFeGmKPubtv/view?usp=drivesdk\" target=\"_blank\" rel=\"noopener noreferrer\">Img link</a>", "FotoOutlet": "<a href=\"https://drive.google.com/file/d/1xooKnHj-XbqR3EcDblhVMiLBp4WNkm_g/view?usp=drivesdk\" target=\"_blank\" rel=\"noopener noreferrer\">Img link</a>", "FotoOther": "-", "LastCheck": -14, "Prioritas": "PRIORITAS 2", "LastCheckGroup": "30 hari"}}, {"type": "Feature", "geometry": {"type": "Point", "coordinates": [115.482625, -2.169204]}, "properties": {"ID Culvert": "URU-01", "Jumlah Line": 1, "Mitra Kerja Responsible": "PPA", "Tanggal Inspeksi": "2026-08-30 09:18:00", "RiskLevel": "Low", "FotoInlet": "<a href=\"https://drive.google.com/file/d/1efyO3wIyCFNYNFkx2mds9lcOtMRMiS6c/view?usp=drivesdk\" target=\"_blank\" rel=\"noopener noreferrer\">Img link</a>", "FotoOutlet": "<a href=\"https://drive.google.com/file/d/1abR6AXaqydkFaDOfCwTSJi3swvSeqcy2/view?usp=drivesdk\" target=\"_blank\" rel=\"noopener noreferrer\">Img link</a>", "FotoOther": "-", "LastCheck": -14, "Prioritas": "PRIORITAS 2", "LastCheckGroup": "30 hari"}}, {"type": "Feature", "geometry": {"type": "Point", "coordinates": [115.4901, -2.16123]}, "properties": {"ID Culvert": "MXC-04", "Jumlah Line": 1, "Mitra Kerja Responsible": "PPA", "Tanggal Inspeksi": "2026-08-30 14:31:00", "RiskLevel": "Low", "FotoInlet": "<a href=\"https://drive.google.com/file/d/1Kl-MBZ_3bI9DHOU-SO3KXMLZ5YDdcSbq/view?usp=drivesdk\" target=\"_blank\" rel=\"noopener noreferrer\">Img link</a>", "FotoOutlet": "<a href=\"https://drive.google.com/file/d/1iJCEVjuBs_Lz-sZTIVpfZpp_ZRHrI-a6/view?usp=drivesdk\" target=\"_blank\" rel=\"noopener noreferrer\">Img link</a>", "FotoOther": "-", "LastCheck": -14, "Prioritas": "PRIORITAS 2", "LastCheckGroup": "30 hari"}}, {"type": "Feature", "geometry": {"type": "Point", "coordinates": [115.490331, -2.158885]}, "properties": {"ID Culvert": "ING-01", "Jumlah Line": 4, "Mitra Kerja Responsible": "PPA", "Tanggal Inspeksi": "2026-08-30 14:39:00", "RiskLevel": "Low", "FotoInlet": "<a href=\"https://drive.google.com/file/d/1ryGY_SNCC0hC5JCD_ge8LrjAJFcTIuEx/view?usp=drivesdk\" target=\"_blank\" rel=\"noopener noreferrer\">Img link</a>", "FotoOutlet": "<a href=\"https://drive.google.com/file/d/10Uyld9ivLqdrOWyI0WSRE_k7dfJFD_6g/view?usp=drivesdk\" target=\"_blank\" rel=\"noopener noreferrer\">Img link</a>", "FotoOther": "-", "LastCheck": -14, "Prioritas": "PRIORITAS 2", "LastCheckGroup": "30 hari"}}, {"type": "Feature", "geometry": {"type": "Point", "coordinates": [115.480768, -2.177255]}, "properties": {"ID Culvert": "NEV-01", "Jumlah Line": 1, "Mitra Kerja Responsible": "PPA", "Tanggal Inspeksi": "2026-08-30 15:44:00", "RiskLevel": "Medium", "FotoInlet": "<a href=\"https://drive.google.com/file/d/1BXnBOyvr14PmPyJj9aLnvckqd2N-vxy1/view?usp=drivesdk\" target=\"_blank\" rel=\"noopener noreferrer\">Img link</a>", "FotoOutlet": "<a href=\"https://drive.google.com/file/d/1uZNh5aJi4OIMkNPKSoiz32sqpUQywAM_/view?usp=drivesdk\" target=\"_blank\" rel=\"noopener noreferrer\">Img link</a>", "FotoOther": "-", "LastCheck": -14, "Prioritas": "PRIORITAS 2", "LastCheckGroup": "30 hari"}}, {"type": "Feature", "geometry": {"type": "Point", "coordinates": [115.50285, -2.161325]}, "properties": {"ID Culvert": "SWS-01", "Jumlah Line": 1, "Mitra Kerja Responsible": "PPA", "Tanggal Inspeksi": "2026-08-31 16:12:00", "RiskLevel": "Medium", "FotoInlet": "<a href=\"https://drive.google.com/file/d/1ZoGPrgYRbch-oyDJJgErs9v7M3iE2lWe/view?usp=drivesdk\" target=\"_blank\" rel=\"noopener noreferrer\">Img link</a>", "FotoOutlet": "<a href=\"https://drive.google.com/file/d/1FEYEcj_PPM6WGFVGsOnb7-rbQ2X7bNGd/view?usp=drivesdk\" target=\"_blank\" rel=\"noopener noreferrer\">Img link</a>", "FotoOther": "-", "LastCheck": -13, "Prioritas": "PRIORITAS 2", "LastCheckGroup": "30 hari"}}, {"type": "Feature", "geometry": {"type": "Point", "coordinates": [115.488934, -2.158379]}, "properties": {"ID Culvert": "ING-03", "Jumlah Line": 1, "Mitra Kerja Responsible": "PPA", "Tanggal Inspeksi": "2026-08-22 09:10:00", "RiskLevel": "Medium", "FotoInlet": "<a href=\"https://drive.google.com/file/d/1o06qHYgW6fjTkzVzjcTS8VpZFQV5Ne6W/view?usp=drivesdk\" target=\"_blank\" rel=\"noopener noreferrer\">Img link</a>", "FotoOutlet": "<a href=\"https://drive.google.com/file/d/1ASSKP3jKKAzIjoeqC40-WoWBR3Hm9Zyb/view?usp=drivesdk\" target=\"_blank\" rel=\"noopener noreferrer\">Img link</a>", "FotoOther": "-", "LastCheck": -22, "Prioritas": "PRIORITAS 2", "LastCheckGroup": "30 hari"}}, {"type": "Feature", "geometry": {"type": "Point", "coordinates": [115.489827, -2.166467]}, "properties": {"ID Culvert": "MON-03", "Jumlah Line": 2, "Mitra Kerja Responsible": "PPA", "Tanggal Inspeksi": "2026-08-30 15:47:00", "RiskLevel": "Medium", "FotoInlet": "<a href=\"https://drive.google.com/file/d/1qiAwFkeX0-j0-npMsFf1c3ut8EaYs4XE/view?usp=drivesdk\" target=\"_blank\" rel=\"noopener noreferrer\">Img link</a>", "FotoOutlet": "<a href=\"https://drive.google.com/file/d/1jPwR-qKSAg2l_17yKhLR1lO9sawMfyx6/view?usp=drivesdk\" target=\"_blank\" rel=\"noopener noreferrer\">Img link</a>", "FotoOther": "-", "LastCheck": -14, "Prioritas": "PRIORITAS 2", "LastCheckGroup": "30 hari"}}, {"type": "Feature", "geometry": {"type": "Point", "coordinates": [115.495791, -2.166635]}, "properties": {"ID Culvert": "PER-04", "Jumlah Line": 1, "Mitra Kerja Responsible": "PPA", "Tanggal Inspeksi": "2026-08-29 15:30:00", "RiskLevel": "Medium", "FotoInlet": "<a href=\"https://drive.google.com/file/d/1aB_QI1Wgdx3tOchLhRCb7Nv_xT1xmJsm/view?usp=drivesdk\" target=\"_blank\" rel=\"noopener noreferrer\">Img link</a>", "FotoOutlet": "<a href=\"https://drive.google.com/file/d/1z12dqQd7uOONKoRnsc8RE7O_U1SdSnK_/view?usp=drivesdk\" target=\"_blank\" rel=\"noopener noreferrer\">Img link</a>", "FotoOther": "-", "LastCheck": -15, "Prioritas": "PRIORITAS 2", "LastCheckGroup": "30 hari"}}, {"type": "Feature", "geometry": {"type": "Point", "coordinates": [115.495601, -2.144645]}, "properties": {"ID Culvert": "PTG-02", "Jumlah Line": 11, "Mitra Kerja Responsible": "PPA", "Tanggal Inspeksi": "2026-08-30 16:57:00", "RiskLevel": "Low", "FotoInlet": "<a href=\"https://drive.google.com/file/d/11vLhHjfQDr9m1rzUudTZPgKm8gx8oQ1e/view?usp=drivesdk\" target=\"_blank\" rel=\"noopener noreferrer\">Img link</a>", "FotoOutlet": "<a href=\"https://drive.google.com/file/d/1aP-MI6szARv_QiJN_GCHb3xwFR7HKHCU/view?usp=drivesdk\" target=\"_blank\" rel=\"noopener noreferrer\">Img link</a>", "FotoOther": "-", "LastCheck": -14, "Prioritas": "PRIORITAS 2", "LastCheckGroup": "30 hari"}}, {"type": "Feature", "geometry": {"type": "Point", "coordinates": [115.498833, -2.154188]}, "properties": {"ID Culvert": "HGR-03", "Jumlah Line": 1, "Mitra Kerja Responsible": "PPA", "Tanggal Inspeksi": "2026-07-04 09:31:00", "RiskLevel": "Medium", "FotoInlet": "<a href=\"https://drive.google.com/file/d/1_MoO68IAqieoqUaa78BNvIypTKv-t3oh/view?usp=drivesdk\" target=\"_blank\" rel=\"noopener noreferrer\">Img link</a>", "FotoOutlet": "<a href=\"https://drive.google.com/file/d/1_eau6wxvlMctWhyFnIfwCA8oc6egAz9Q/view?usp=drivesdk\" target=\"_blank\" rel=\"noopener noreferrer\">Img link</a>", "FotoOther": "-", "LastCheck": -71, "Prioritas": "PRIORITAS 1", "LastCheckGroup": "Lebih dari 30 Hari"}}, {"type": "Feature", "geometry": {"type": "Point", "coordinates": [115.493441, -2.153927]}, "properties": {"ID Culvert": "JRN-15", "Jumlah Line": 4, "Mitra Kerja Responsible": "PPA", "Tanggal Inspeksi": "2026-08-30 17:05:00", "RiskLevel": "Medium", "FotoInlet": "<a href=\"https://drive.google.com/file/d/1DUYPBAB0dtMAlVGrGaJRYwiso4SKee1C/view?usp=drivesdk\" target=\"_blank\" rel=\"noopener noreferrer\">Img link</a>", "FotoOutlet": "<a href=\"https://drive.google.com/file/d/1N9rlm1PnaWxIBLT3c99J4uUWxA-WfNUR/view?usp=drivesdk\" target=\"_blank\" rel=\"noopener noreferrer\">Img link</a>", "FotoOther": "-", "LastCheck": -14, "Prioritas": "PRIORITAS 2", "LastCheckGroup": "30 hari"}}, {"type": "Feature", "geometry": {"type": "Point", "coordinates": [115.472992, -2.186042]}, "properties": {"ID Culvert": "GBI-01", "Jumlah Line": 1, "Mitra Kerja Responsible": "PPA", "Tanggal Inspeksi": "2026-08-29 19:49:00", "RiskLevel": "Low", "FotoInlet": "<a href=\"https://drive.google.com/file/d/13CV_IaIvewka6iE6K6SuqyvgPIklvc14/view?usp=drivesdk\" target=\"_blank\" rel=\"noopener noreferrer\">Img link</a>", "FotoOutlet": "<a href=\"https://drive.google.com/file/d/1G0hU7f3wZm4wdqNESKwxcn-9Vu6VQ_6M/view?usp=drivesdk\" target=\"_blank\" rel=\"noopener noreferrer\">Img link</a>", "FotoOther": "-", "LastCheck": -15, "Prioritas": "PRIORITAS 2", "LastCheckGroup": "30 hari"}}, {"type": "Feature", "geometry": {"type": "Point", "coordinates": [115.499619, -2.161325]}, "properties": {"ID Culvert": "BLA-09", "Jumlah Line": 3, "Mitra Kerja Responsible": "PPA", "Tanggal Inspeksi": "2026-08-29 14:52:00", "RiskLevel": "High", "FotoInlet": "<a href=\"https://drive.google.com/file/d/18rkw5sxUy8Bqc78ZtG-SoQ9FY335vg1M/view?usp=drivesdk\" target=\"_blank\" rel=\"noopener noreferrer\">Img link</a>", "FotoOutlet": "<a href=\"https://drive.google.com/file/d/1AkSYzRQf2vhuO8vm2Z6EOt8BlIv9w7hJ/view?usp=drivesdk\" target=\"_blank\" rel=\"noopener noreferrer\">Img link</a>", "FotoOther": "-", "LastCheck": -15, "Prioritas": "PRIORITAS 2", "LastCheckGroup": "30 hari"}}, {"type": "Feature", "geometry": {"type": "Point", "coordinates": [115.474285, -2.186626]}, "properties": {"ID Culvert": "GBI-02", "Jumlah Line": 1, "Mitra Kerja Responsible": "PPA", "Tanggal Inspeksi": "2026-08-22 13:07:00", "RiskLevel": "Low", "FotoInlet": "<a href=\"https://drive.google.com/file/d/1pS9tBTJNau5u11INkK1wAIeatNlpL1tz/view?usp=drivesdk\" target=\"_blank\" rel=\"noopener noreferrer\">Img link</a>", "FotoOutlet": "<a href=\"https://drive.google.com/file/d/1_xIdc0E9SRXi_7AaH3az0apv_gm9Zdzf/view?usp=drivesdk\" target=\"_blank\" rel=\"noopener noreferrer\">Img link</a>", "FotoOther": "-", "LastCheck": -22, "Prioritas": "PRIORITAS 2", "LastCheckGroup": "30 hari"}}, {"type": "Feature", "geometry": {"type": "Point", "coordinates": [115.48698, -2.184037]}, "properties": {"ID Culvert": "SRA-03", "Jumlah Line": 1, "Mitra Kerja Responsible": "PPA", "Tanggal Inspeksi": "2026-07-25 09:36:00", "RiskLevel": "Low", "FotoInlet": "<a href=\"https://drive.google.com/file/d/1_5p6tiaSJ2FyICrIYH5MkSrwSJISTXcn/view?usp=drivesdk\" target=\"_blank\" rel=\"noopener noreferrer\">Img link</a>", "FotoOutlet": "<a href=\"https://drive.google.com/file/d/1rr9eOQns6kMdrI0KxloeUpgRPlE2s5cE/view?usp=drivesdk\" target=\"_blank\" rel=\"noopener noreferrer\">Img link</a>", "FotoOther": "-", "LastCheck": -50, "Prioritas": "PRIORITAS 2", "LastCheckGroup": "Lebih dari 30 Hari"}}, {"type": "Feature", "geometry": {"type": "Point", "coordinates": [115.503575, -2.156034]}, "properties": {"ID Culvert": "SWS-02", "Jumlah Line": 1, "Mitra Kerja Responsible": "PPA", "Tanggal Inspeksi": "2026-08-29 13:44:00", "RiskLevel": "Medium", "FotoInlet": "<a href=\"https://drive.google.com/file/d/18ycFDN-X1SpQPZy3dyqe74erlq-3tiBC/view?usp=drivesdk\" target=\"_blank\" rel=\"noopener noreferrer\">Img link</a>", "FotoOutlet": "<a href=\"https://drive.google.com/file/d/1VR9EAeOPSKZzb0LweDhYLyHa48QhgYkK/view?usp=drivesdk\" target=\"_blank\" rel=\"noopener noreferrer\">Img link</a>", "FotoOther": "-", "LastCheck": -15, "Prioritas": "PRIORITAS 2", "LastCheckGroup": "30 hari"}}, {"type": "Feature", "geometry": {"type": "Point", "coordinates": [115.488751, -2.180645]}, "properties": {"ID Culvert": "SRA-05", "Jumlah Line": 1, "Mitra Kerja Responsible": "PPA", "Tanggal Inspeksi": "2026-08-29 14:05:00", "RiskLevel": "Low", "FotoInlet": "<a href=\"https://drive.google.com/file/d/1VhBP10G3S9EumkM56aMEbPQfKVkD5VFi/view?usp=drivesdk\" target=\"_blank\" rel=\"noopener noreferrer\">Img link</a>", "FotoOutlet": "<a href=\"https://drive.google.com/file/d/19Uh8gLsC_EwTmwlmoSc7ztgjmhpsCNgE/view?usp=drivesdk\" target=\"_blank\" rel=\"noopener noreferrer\">Img link</a>", "FotoOther": "-", "LastCheck": -15, "Prioritas": "PRIORITAS 2", "LastCheckGroup": "30 hari"}}, {"type": "Feature", "geometry": {"type": "Point", "coordinates": [115.498414, -2.16262]}, "properties": {"ID Culvert": "BLA-10", "Jumlah Line": 6, "Mitra Kerja Responsible": "PPA", "Tanggal Inspeksi": "2026-08-29 15:08:00", "RiskLevel": "Medium", "FotoInlet": "<a href=\"https://drive.google.com/file/d/1I4CN_SwxZ7T-DEI5tMD-klbN8IgoHTDM/view?usp=drivesdk\" target=\"_blank\" rel=\"noopener noreferrer\">Img link</a>", "FotoOutlet": "<a href=\"https://drive.google.com/file/d/1j56YuapIkI2Xh7G5aXK89IZqyIXGG8dq/view?usp=drivesdk\" target=\"_blank\" rel=\"noopener noreferrer\">Img link</a>", "FotoOther": "-", "LastCheck": -15, "Prioritas": "PRIORITAS 2", "LastCheckGroup": "30 hari"}}, {"type": "Feature", "geometry": {"type": "Point", "coordinates": [115.499509, -2.15268]}, "properties": {"ID Culvert": "PER-09", "Jumlah Line": 1, "Mitra Kerja Responsible": "PPA", "Tanggal Inspeksi": "2026-08-29 11:18:00", "RiskLevel": "High", "FotoInlet": "<a href=\"https://drive.google.com/file/d/1YC43cU3kOdxX5mNZ-NWgWrUXJAYCDCOx/view?usp=drivesdk\" target=\"_blank\" rel=\"noopener noreferrer\">Img link</a>", "FotoOutlet": "<a href=\"https://drive.google.com/file/d/1Grmzy2LibxoGBo8j-_A-G6f3mdejf_FS/view?usp=drivesdk\" target=\"_blank\" rel=\"noopener noreferrer\">Img link</a>", "FotoOther": "-", "LastCheck": -15, "Prioritas": "PRIORITAS 2", "LastCheckGroup": "30 hari"}}, {"type": "Feature", "geometry": {"type": "Point", "coordinates": [115.504642, -2.152805]}, "properties": {"ID Culvert": "RMN-06", "Jumlah Line": 1, "Mitra Kerja Responsible": "PPA", "Tanggal Inspeksi": "2026-08-22 15:32:00", "RiskLevel": "Medium", "FotoInlet": "<a href=\"https://drive.google.com/file/d/13c_UHCmn5Vu-lloZsF-oaczRx1quKUIr/view?usp=drivesdk\" target=\"_blank\" rel=\"noopener noreferrer\">Img link</a>", "FotoOutlet": "<a href=\"https://drive.google.com/file/d/1kXHWfV2FcLGuULbf283oW2uWcSrYTh3H/view?usp=drivesdk\" target=\"_blank\" rel=\"noopener noreferrer\">Img link</a>", "FotoOther": "-", "LastCheck": -22, "Prioritas": "PRIORITAS 2", "LastCheckGroup": "30 hari"}}, {"type": "Feature", "geometry": {"type": "Point", "coordinates": [115.491253, -2.17542]}, "properties": {"ID Culvert": "CRL-01", "Jumlah Line": 1, "Mitra Kerja Responsible": "PPA", "Tanggal Inspeksi": "2026-08-29 08:14:00", "RiskLevel": "Medium", "FotoInlet": "<a href=\"https://drive.google.com/file/d/1Ra-6bsJwNBAXrEgjIlLx1TbrdcRlyw1a/view?usp=drivesdk\" target=\"_blank\" rel=\"noopener noreferrer\">Img link</a>", "FotoOutlet": "<a href=\"https://drive.google.com/file/d/11lh-iy37Vxe09rGyTwKwMEaEbfQQatY6/view?usp=drivesdk\" target=\"_blank\" rel=\"noopener noreferrer\">Img link</a>", "FotoOther": "-", "LastCheck": -15, "Prioritas": "PRIORITAS 2", "LastCheckGroup": "30 hari"}}]}